Timestamp,Role,Content
2025-06-26 14:14:24.133865,User,最近始めたダンス
2025-06-26 14:14:25.710679,Assistant,それは素晴らしいですね！ダンスを始めたきっかけは何ですか？
2025-06-26 14:14:34.586598,User,ああ、単的に
2025-06-26 14:14:39.083807,Assistant,なるほど、単純に始めたんですね。ダンスって楽しいですよね！どんな種類のダンスに挑戦していますか？
2025-06-26 14:14:53.314511,User,トリースダンスのポッピンだね
2025-06-26 14:14:55.670636,Assistant,ポッピン、かっこいいですね！トリースダンスは特に表現力が豊かで魅力的です。上達するのが楽しみですね。
2025-06-26 14:15:14.354842,User,上達するにはグルーヴっていうのが必要なんだけどこれが今一応わかんなくてね
2025-06-26 14:15:19.119797,Assistant,グルーヴを感じるのは確かに挑戦的ですね。音楽と自分が一体になるような感覚、リズムに自然に身を任せることが大切だと言われています。時間をかけて、自分なりのグルーヴを見つけられるといいですね。
2025-06-26 14:15:42.661706,User,音楽と自分が一体になる感覚って
2025-06-26 14:15:49.529135,Assistant,そうですね、音楽と自分が一体になる感覚は、まるで音楽のリズムやメロディーが自分の動きや感情と完全に同期しているかのような状態を指します。この状態に達すると、自然と体が音楽に合わせて動き出し、表現がより流動的で感情豊かになります。これを感じることができると、ダンスがより楽しくなるでしょうね。
2025-06-26 14:16:23.521647,User,と思うんだけどなぁ
2025-06-26 14:16:30.903140,Assistant,その感覚を掴むまで少し時間がかかるかもしれませんが、諦めずに練習を続けることが大切ですね。自分のペースで楽しみながら、少しずつ感覚を身につけていけるといいですね。
2025-06-26 14:16:58.401322,User,練習を続けるのは結構大変なんだよねなんか一つの練習をずっと続けるんないからね
2025-06-26 14:17:03.978045,Assistant,確かに、同じ練習を続けるのは大変ですよね。多少のバリエーションを加えたり、時には全く違う種類の練習を取り入れることで、モチベーションを保ちやすくなるかもしれません。練習を楽しむ工夫が大切ですね。
2025-06-26 14:17:36.811419,User,他の、今ポッピンやってるけど、他のジャンル、ヒップオープとか、ロックとかやた方がいいかなぁ
2025-06-26 14:17:43.021351,Assistant,他のジャンルに挑戦するのは良いアイデアですね。ヒップホップやロックなど、異なるスタイルを学ぶことで、ダンスに対する理解が深まり、ポッピンの技術にも活かせる要素が見つかるかもしれません。さまざまなジャンルを経験することで、自分のダンスの幅が広がり、より表現豊かになるでしょう。
2025-06-26 14:18:16.040361,User,ストリートダウンス以外でなんかポッピーに近い踊り
2025-06-26 14:18:24.566570,Assistant,ポッピンに近いダンスとしては、ストリートダンス以外では少し難しいかもしれませんが、ポッピンの要素を取り入れやすいダンスとしては、コンテンポラリーダンスが挙げられるかもしれません。コンテンポラリーダンスは、様々なダンススタイルから要素を取り入れるため、ポッピンのようなアイソレーション（身体の一部を独立して動かす技術）やロボットダンスのような動きも表現に取り入れやすいです。また、ジャズダンスも身体のラインや動きを強調する点で、ポッピンと相性が良いかもしれません。異なるジャンルを探究することで、新しい表現方法やインスピレーションを見つけられるでしょう。
2025-06-26 14:19:23.092748,User,それだとポッピンの要素を向こう側に持ってっちゃってるからかな
2025-06-26 14:19:35.323913,Assistant,そうですね、ポッピンの要素をコンテンポラリーやジャズダンスに取り入れると、確かにポッピンの技術を他のジャンルに応用している形になりますね。ポッピンに近い踊りという観点では、ストリートダンスの範疇内で考えると、ロボットダンスやアニメーションといったスタイルが近いかもしれません。これらもポッピンと同様に、身体のコントロールやアイソレーションを重要視します。ただ、完全に異なるジャンルから新しい刺激を受けるのも、ダンススキル向上の一つの方法ですね。自分の興味や目指すスタイルに合わせて、チャレンジしてみるのが良さそうです。
2025-06-26 14:20:36.674530,User,まあ確かにね、ポッピー以外またブレンゲ行くとかハウスとかやるべきなのかなぁと言っても最近体が動くことを動かなく
2025-06-26 14:20:45.254476,Assistant,体が以前のように動かないと感じる時もありますよね。年齢や生活習慣、ストレスなど様々な要因が影響することがあります。それでも、ブレイキングやハウスなど、新しいジャンルに挑戦するのは刺激的で、新たな発見や楽しみがあるかもしれません。ただ、自分の体の状態をよく理解し、無理せずに進めることが大切です。ストレッチや体を柔らかくするエクササイズから始めて、徐々に体を慣らしていくのも一つの方法です。自分のペースで、楽しめる範囲でダンスを続けていくのがいいですね。
2025-06-26 14:21:38.240163,User,まあそれが一番だけどね 残されている時間は少ないからね
2025-06-26 14:21:47.864630,Assistant,時間が限られていると感じると、特に何かを成し遂げようとする時、そのプレッシャーは大きいですね。大切なのは、その時間を最大限に生かし、自分が本当にやりたいこと、心から楽しめることに集中することです。短い時間であっても、それを濃密に使うことで、大きな成果や満足感を得られることがあります。自分自身との対話を大切にしながら、一歩一歩進めていくのがいいですね。
2025-06-26 14:22:31.446494,User,普通に30時間使ってもね
2025-06-26 14:22:39.849139,Assistant,30時間もあれば、確かにかなりのことができますね。その時間をどう活用するかが鍵です。目標を細分化し、具体的な計画を立てることで、30時間を最大限に活かすことができるでしょう。ダンスの練習であれば、基本技術の向上、新しい振り付けの習得、表現力の強化など、焦点を絞って取り組むことが重要です。進捗を定期的に確認しながら、柔軟に計画を調整することも大切です。自分にとって意味のある時間になるように、頑張ってくださいね。
2025-06-26 14:23:27.108861,User,誰も30時間とは言ってないんだが
2025-06-26 14:23:35.250522,Assistant,すみません、私の勘違いでした。時間についての具体的な言及はなかったのに、自分から30時間という数字を出してしまいましたね。時間が限られているというお気持ちに寄り添いながら、その中で何ができるかを一緒に考えていくべきでした。どのように時間を使いたいか、ご自身のペースや目標に合わせて進めていくことが大切ですね。
2025-06-26 14:24:11.197759,User,まぁー、時間もやけど体力がもたないんだよな
2025-06-26 14:24:19.695656,Assistant,体力の限界を感じるのは難しいですね。ダンスは特に体力と持久力が求められるので、その点が挑戦になります。体力が続かない時は、無理をせず、体調を第一に考えることが大切です。短時間でも効率的に練習を行ったり、体力をつけるための軽い運動や栄養バランスを考えた食事を心がけると良いかもしれません。また、十分な休息を取ることも非常に重要です。自分の体と相談しながら、少しずつでも前進していけるといいですね。
