timestamp,role,content,start_time,end_time,wav_filename,mode
2025-12-25 12:31:40.438739,assistant,あなたの趣味について教えてください,2025-12-25 12:31:38.023212,2025-12-25 12:31:40.438141,,HRF2_PID
2025-12-25 12:31:47.201281,user,私の趣味はスノーボードです,2025-12-25 12:31:42.207067,2025-12-25 12:31:46.209650,,HRF2_PID
2025-12-25 12:31:57.345813,assistant,スノーボード、楽しそうですね！雪の中での滑りは最高ですよね。どの場所で滑るのが好きですか？,2025-12-25 12:31:49.887564,2025-12-25 12:31:57.342052,,HRF2_PID
2025-12-25 12:32:13.414401,user,サブタイトル チャンネル登録してね!,2025-12-25 12:32:10.770079,2025-12-25 12:32:12.673987,,HRF2_PID
2025-12-25 12:32:23.362609,assistant,チャンネル登録、いいですね！新しいコンテンツを見るのが楽しみになりますよね。どんな動画が好きですか？,2025-12-25 12:32:15.861796,2025-12-25 12:32:23.362212,,HRF2_PID
2025-12-25 12:32:29.083834,user,サブタイトル チャンネル登録してね!,2025-12-25 12:32:26.540829,2025-12-25 12:32:28.455564,,HRF2_PID
2025-12-25 12:32:38.260325,assistant,何か特定のジャンルの動画をよく見るんですか？例えば、ゲームや旅行の動画とか！,2025-12-25 12:32:32.169935,2025-12-25 12:32:38.259514,,HRF2_PID
2025-12-25 12:32:44.474572,user,ゲームです,2025-12-25 12:32:41.471239,2025-12-25 12:32:43.783441,,HRF2_PID
2025-12-25 12:32:56.353204,assistant,ゲームが好きなんですね！どんなジャンルのゲームが一番好きですか？アクションや RPG など、いろいろありますよね。,2025-12-25 12:32:47.238922,2025-12-25 12:32:56.352448,,HRF2_PID
2025-12-25 12:33:01.728815,user,プレッションゲームです,2025-12-25 12:32:58.528610,2025-12-25 12:33:01.032370,,HRF2_PID
2025-12-25 12:33:14.178328,assistant,プレッションゲーム、面白いですね！緊張感があって、盛り上がりますよね。最近プレイしたゲームで特に楽しかったものはありますか？,2025-12-25 12:33:04.706853,2025-12-25 12:33:14.177332,,HRF2_PID
2025-12-25 12:33:26.892150,user,最高人格です,2025-12-25 12:33:23.544889,2025-12-25 12:33:26.255862,,HRF2_PID
2025-12-25 12:33:37.631501,assistant,最高人格、楽しそうですね！戦略や心理戦が重要なゲームですよね。どのキャラクターが好きですか？,2025-12-25 12:33:29.756987,2025-12-25 12:33:37.630513,,HRF2_PID
2025-12-25 12:33:44.491302,user,採視です,2025-12-25 12:33:41.276588,2025-12-25 12:33:43.780610,,HRF2_PID
2025-12-25 12:33:55.657070,assistant,採視、面白い選択ですね！推理や観察力が試されるゲームですよね。どんな状況が一番盛り上がりましたか？,2025-12-25 12:33:47.215141,2025-12-25 12:33:55.656738,,HRF2_PID
2025-12-25 12:34:00.737277,user,言われているときです,2025-12-25 12:33:58.312543,2025-12-25 12:34:00.106553,,HRF2_PID
2025-12-25 12:34:11.928278,assistant,言われているときは緊張感が増しますよね！どんなセリフが印象に残っていますか？それとも特別な瞬間がありましたか？,2025-12-25 12:34:03.282730,2025-12-25 12:34:11.927681,,HRF2_PID
2025-12-25 12:34:18.181831,user,ハンターに追われている時です,2025-12-25 12:34:15.830947,2025-12-25 12:34:17.514151,,HRF2_PID
2025-12-25 12:34:28.826945,assistant,ハンターに追われている時はドキドキしますよね！その瞬間の緊張感がたまらないです。どんな戦略で逃げましたか？,2025-12-25 12:34:20.768105,2025-12-25 12:34:28.826324,,HRF2_PID
2025-12-25 12:34:36.149378,user,地形を利用しました,2025-12-25 12:34:32.637639,2025-12-25 12:34:35.559996,,HRF2_PID
2025-12-25 12:34:47.653862,assistant,地形を利用するのは賢い戦略ですね！隠れ場所や高いところを使うと有利になりますよね。他にも工夫したことはありましたか？,2025-12-25 12:34:38.723614,2025-12-25 12:34:47.653585,,HRF2_PID
2025-12-25 12:34:53.748421,user,アイテムを使いました,2025-12-25 12:34:51.446303,2025-12-25 12:34:53.134941,,HRF2_PID
2025-12-25 12:35:04.195478,assistant,アイテムを使うのも重要ですよね！どんなアイテムが特に役立ちましたか？効果的な使い方があれば教えてください！,2025-12-25 12:34:56.044752,2025-12-25 12:35:04.194578,,HRF2_PID
2025-12-25 12:35:09.424739,user,最後まで視聴してくださって ありがとうございます,2025-12-25 12:35:07.014514,2025-12-25 12:35:08.750521,,HRF2_PID
2025-12-25 12:35:20.505158,assistant,こちらこそ、楽しいお話をありがとう！最後まで聞いていると、盛り上がりますよね。次はどんな話をしましょうか？,2025-12-25 12:35:11.776071,2025-12-25 12:35:20.504547,,HRF2_PID
2025-12-25 12:35:26.656146,user,か,2025-12-25 12:35:24.278509,2025-12-25 12:35:25.985972,,HRF2_PID
2025-12-25 12:35:37.251224,assistant,「か」って何か気になることがあるのかな？それとも別の話題に移りたいですか？気軽に教えてくださいね！,2025-12-25 12:35:29.121760,2025-12-25 12:35:37.250552,,HRF2_PID
2025-12-25 12:35:43.724955,user,あなたの好きなことは何ですか?,2025-12-25 12:35:38.571513,2025-12-25 12:35:43.105133,,HRF2_PID
2025-12-25 12:35:56.038530,assistant,私の好きなことは、いろんな人とお話しすることです！色んなアイデアや考えを聞くのが楽しいです。あなたの好きなことは何ですか？,2025-12-25 12:35:47.024761,2025-12-25 12:35:56.037092,,HRF2_PID
2025-12-25 12:36:00.841745,user,スポーツです,2025-12-25 12:35:57.913540,2025-12-25 12:36:00.262149,,HRF2_PID
2025-12-25 12:36:10.257955,assistant,スポーツは素晴らしいですね！どのスポーツが特に好きですか？また、どんなところが魅力だと思いますか？,2025-12-25 12:36:02.962913,2025-12-25 12:36:10.257754,,HRF2_PID
2025-12-25 12:36:17.085047,user,バスケットボールです,2025-12-25 12:36:13.396521,2025-12-25 12:36:16.305252,,HRF2_PID
2025-12-25 12:36:27.526001,assistant,バスケットボールはエキサイティングですね！シュートやドリブルが決まると気持ちいいですよね。どんなチームや選手が好きですか？,2025-12-25 12:36:19.569951,2025-12-25 12:36:27.525542,,HRF2_PID
2025-12-25 12:36:36.358943,user,スミポンです,2025-12-25 12:36:33.310867,2025-12-25 12:36:35.725938,,HRF2_PID
2025-12-25 12:36:46.477019,assistant,スミポン選手、素晴らしいですね！彼のプレースタイルは魅力的ですよね。特にどのプレーが好きですか？,2025-12-25 12:36:39.051597,2025-12-25 12:36:46.476703,,HRF2_PID
2025-12-25 12:36:53.673437,user,レイアップシュートです,2025-12-25 12:36:50.155615,2025-12-25 12:36:52.997863,,HRF2_PID
2025-12-25 12:37:04.208439,assistant,レイアップシュートは美しい技ですね！速さとタイミングが大事ですよね。あなたも実際にやったことがありますか？,2025-12-25 12:36:56.364117,2025-12-25 12:37:04.207570,,HRF2_PID
2025-12-25 12:37:08.420911,user,あります,2025-12-25 12:37:05.717004,2025-12-25 12:37:07.735746,,HRF2_PID
2025-12-25 12:37:21.574605,assistant,それは楽しそうですね！レイアップシュートを決めた時の爽快感、最高ですよね。練習する時、どんなことに気をつけていますか？,2025-12-25 12:37:11.604507,2025-12-25 12:37:21.573950,,HRF2_PID
2025-12-25 12:37:28.861208,user,手元を見ずにドリブルすることです,2025-12-25 12:37:24.075539,2025-12-25 12:37:28.144689,,HRF2_PID
2025-12-25 12:37:44.848231,assistant,それは大事なポイントですね！手元を見ずにドリブルすることで、周りの状況が見やすくなりますもんね。練習の成果が出ると嬉しいですよね！他にも練習していることはありますか？,2025-12-25 12:37:32.218990,2025-12-25 12:37:44.846792,,HRF2_PID
2025-12-25 12:37:50.306469,user,シュート練習です,2025-12-25 12:37:46.466294,2025-12-25 12:37:49.610208,,HRF2_PID
2025-12-25 12:38:03.122061,assistant,シュート練習も重要ですね！特にフォームを整えるのが大切ですよね。どの場所からシュートするのが好きですか？三ポイントラインからですか？,2025-12-25 12:37:53.277510,2025-12-25 12:38:03.121781,,HRF2_PID
2025-12-25 12:38:10.402846,user,フリースローです,2025-12-25 12:38:07.440333,2025-12-25 12:38:09.784674,,HRF2_PID
2025-12-25 12:38:25.952781,assistant,フリースローは緊張感がありますよね！静かな環境で集中力が試される瞬間、いいですよね。フリースローの成功率、上げるために特に意識していることはありますか？,2025-12-25 12:38:13.579604,2025-12-25 12:38:25.952524,,HRF2_PID
2025-12-25 12:38:32.744692,user,左手を添えるだけのことです,2025-12-25 12:38:28.235658,2025-12-25 12:38:31.985901,,HRF2_PID
2025-12-25 12:38:49.122653,assistant,左手を添えるだけで安定感が増すんですね！シンプルなテクニックだけど、効果的ですよね。練習しているうちに、自信がつくと嬉しいですよね。他にも好きなシュートの種類はありますか？,2025-12-25 12:38:36.051367,2025-12-25 12:38:49.114469,,HRF2_PID
2025-12-25 12:38:54.541992,user,ダンクシュートです,2025-12-25 12:38:51.428891,2025-12-25 12:38:53.866393,,HRF2_PID
2025-12-25 12:39:08.517266,assistant,ダンクシュートは迫力がありますよね！決まった瞬間の爽快感、最高ですよね。ジャンプ力を上げるために、どんなトレーニングをしていますか？,2025-12-25 12:38:58.042113,2025-12-25 12:39:08.516952,,HRF2_PID
