Timestamp,Heart Rate (BPM),Prosody Level Applied,Reference HR
2025-12-24 16:58:54.055627,65,1.00,71
2025-12-24 16:58:55.058968,66,1.00,71
2025-12-24 16:58:56.061739,67,1.00,71
2025-12-24 16:58:57.064758,68,1.00,71
2025-12-24 16:58:58.067288,69,1.00,71
2025-12-24 16:58:59.119960,70,1.00,71
2025-12-24 16:59:00.072619,72,1.00,71
2025-12-24 16:59:01.075021,74,1.00,71
2025-12-24 16:59:02.077787,76,1.00,71
2025-12-24 16:59:03.081933,77,1.00,71
2025-12-24 16:59:04.085963,77,1.00,71
2025-12-24 16:59:05.088891,78,1.00,71
2025-12-24 16:59:06.091508,78,1.00,71
2025-12-24 16:59:07.044078,79,1.00,71
2025-12-24 16:59:08.096074,79,1.00,71
2025-12-24 16:59:09.097702,79,1.00,71
2025-12-24 16:59:12.090335,79,1.00,71
2025-12-24 16:59:12.140613,79,1.00,71
2025-12-24 16:59:12.190859,79,1.00,71
2025-12-24 16:59:13.043050,80,1.00,71
2025-12-24 16:59:14.067074,81,1.00,71
2025-12-24 16:59:15.070681,82,1.00,71
2025-12-24 16:59:16.073400,82,1.00,71
2025-12-24 16:59:17.076010,83,1.00,71
2025-12-24 16:59:18.078777,82,1.00,71
2025-12-24 16:59:19.082730,81,1.00,71
2025-12-24 16:59:20.085648,80,1.00,71
2025-12-24 16:59:21.088491,79,1.00,71
2025-12-24 16:59:22.091206,78,1.00,71
2025-12-24 16:59:23.093854,77,1.00,71
2025-12-24 16:59:24.095417,76,1.00,71
2025-12-24 16:59:25.047745,76,1.00,71
2025-12-24 16:59:26.049866,76,1.00,71
2025-12-24 16:59:27.051723,76,1.00,71
2025-12-24 16:59:28.053632,76,1.00,71
2025-12-24 16:59:29.055684,76,1.00,71
2025-12-24 16:59:30.057746,77,1.00,71
2025-12-24 16:59:31.059852,77,1.00,71
2025-12-24 16:59:32.062097,77,1.00,71
2025-12-24 16:59:33.114498,77,1.00,71
2025-12-24 16:59:34.068717,77,1.00,71
2025-12-24 16:59:35.072220,77,1.00,71
2025-12-24 16:59:36.076115,76,1.00,71
2025-12-24 16:59:37.078613,76,1.00,71
2025-12-24 16:59:38.082345,76,1.00,71
2025-12-24 16:59:39.085666,75,1.00,71
2025-12-24 16:59:40.088310,75,1.00,71
2025-12-24 16:59:40.713966,75,1.00,71
2025-12-24 16:59:41.090684,75,1.00,71
2025-12-24 16:59:42.093578,75,1.00,71
2025-12-24 16:59:43.096019,75,1.00,71
2025-12-24 16:59:44.048025,75,1.00,71
2025-12-24 16:59:45.050306,75,1.00,71
2025-12-24 16:59:46.053040,74,1.00,71
2025-12-24 16:59:47.055446,73,1.00,71
2025-12-24 16:59:48.057592,72,1.00,71
2025-12-24 16:59:49.026067,72,1.00,71
2025-12-24 16:59:49.059991,71,1.00,71
2025-12-24 16:59:50.063473,70,1.00,71
2025-12-24 16:59:51.066992,69,1.00,71
2025-12-24 16:59:52.070018,69,1.00,71
2025-12-24 16:59:53.072623,68,1.00,71
2025-12-24 16:59:54.075416,68,1.00,71
2025-12-24 16:59:55.078116,67,1.00,71
2025-12-24 16:59:55.122666,67,1.00,71
2025-12-24 16:59:56.081748,67,1.00,71
2025-12-24 16:59:57.084482,67,1.00,71
2025-12-24 16:59:58.087255,68,1.00,71
2025-12-24 16:59:59.090063,68,1.00,71
2025-12-24 17:00:00.092782,69,1.00,71
2025-12-24 17:00:01.095603,69,1.00,71
2025-12-24 17:00:02.098308,71,1.00,71
2025-12-24 17:00:03.051357,71,1.00,71
2025-12-24 17:00:04.054226,72,1.00,71
2025-12-24 17:00:05.058138,72,1.00,71
2025-12-24 17:00:06.111754,73,1.00,71
2025-12-24 17:00:06.724178,73,1.00,71
2025-12-24 17:00:07.064860,73,1.00,71
2025-12-24 17:00:08.068139,74,1.00,71
2025-12-24 17:00:09.070288,74,1.00,71
2025-12-24 17:00:10.072606,75,1.00,71
2025-12-24 17:00:11.075352,76,1.00,71
2025-12-24 17:00:12.077679,77,1.00,71
2025-12-24 17:00:12.530068,77,1.00,71
2025-12-24 17:00:13.082790,77,1.00,71
2025-12-24 17:00:14.085244,78,1.00,71
2025-12-24 17:00:15.087749,78,1.00,71
2025-12-24 17:00:16.089611,77,1.00,71
2025-12-24 17:00:17.041452,76,1.00,71
2025-12-24 17:00:18.093566,76,1.00,71
2025-12-24 17:00:19.096014,75,1.00,71
2025-12-24 17:00:20.047684,75,1.00,71
2025-12-24 17:00:21.099415,75,1.00,71
2025-12-24 17:00:22.051653,75,1.00,71
2025-12-24 17:00:23.054087,75,1.00,71
2025-12-24 17:00:24.056768,75,1.00,71
2025-12-24 17:00:25.059432,75,1.00,71
2025-12-24 17:00:26.061716,76,1.00,71
2025-12-24 17:00:27.064923,77,1.00,71
2025-12-24 17:00:28.067384,78,1.00,71
2025-12-24 17:00:28.826710,78,1.00,71
2025-12-24 17:00:29.070431,78,1.00,71
2025-12-24 17:00:30.073443,79,1.00,71
2025-12-24 17:00:31.075635,80,1.00,71
2025-12-24 17:00:32.077548,80,1.00,71
2025-12-24 17:00:33.080003,80,1.00,71
2025-12-24 17:00:34.082754,81,1.00,71
2025-12-24 17:00:35.085517,81,1.00,71
2025-12-24 17:00:36.088146,82,1.00,71
2025-12-24 17:00:37.090223,83,1.00,71
2025-12-24 17:00:38.093001,82,1.00,71
2025-12-24 17:00:39.095525,81,1.00,71
2025-12-24 17:00:40.048200,80,1.00,71
2025-12-24 17:00:41.062132,79,1.00,71
2025-12-24 17:00:42.063916,77,1.00,71
2025-12-24 17:00:43.065878,76,1.00,71
2025-12-24 17:00:44.067780,75,1.00,71
2025-12-24 17:00:45.069609,74,1.00,71
2025-12-24 17:00:46.071564,74,1.00,71
2025-12-24 17:00:47.074317,75,1.00,71
2025-12-24 17:00:48.077493,75,1.00,71
2025-12-24 17:00:49.080432,75,1.00,71
2025-12-24 17:00:50.084025,76,1.00,71
2025-12-24 17:00:51.086610,76,1.00,71
2025-12-24 17:00:52.088716,77,1.00,71
2025-12-24 17:00:53.091147,77,1.00,71
2025-12-24 17:00:54.093651,76,1.00,71
2025-12-24 17:00:55.046226,76,1.00,71
2025-12-24 17:00:56.099222,76,1.00,71
2025-12-24 17:00:57.051841,76,1.00,71
2025-12-24 17:00:58.055017,76,1.00,71
2025-12-24 17:00:59.059171,76,1.00,71
2025-12-24 17:01:00.061426,77,1.00,71
2025-12-24 17:01:01.063359,77,1.00,71
2025-12-24 17:01:02.065416,78,1.00,71
2025-12-24 17:01:03.067600,79,1.00,71
2025-12-24 17:01:04.070656,79,1.00,71
2025-12-24 17:01:05.072887,80,1.00,71
2025-12-24 17:01:06.074973,80,1.00,71
2025-12-24 17:01:07.077239,81,1.00,71
2025-12-24 17:01:08.079293,81,1.00,71
2025-12-24 17:01:09.082028,81,1.00,71
2025-12-24 17:01:10.084464,81,1.00,71
2025-12-24 17:01:11.086960,81,1.00,71
2025-12-24 17:01:12.089628,80,1.00,71
2025-12-24 17:01:13.091824,80,1.00,71
2025-12-24 17:01:14.635991,80,1.00,71
2025-12-24 17:01:15.087977,80,1.00,71
2025-12-24 17:01:16.090755,80,1.00,71
2025-12-24 17:01:17.043057,80,1.00,71
2025-12-24 17:01:18.096136,80,1.00,71
2025-12-24 17:01:19.049303,81,1.00,71
2025-12-24 17:01:20.052339,80,1.00,71
2025-12-24 17:01:21.054992,79,1.00,71
2025-12-24 17:01:22.057519,78,1.00,71
2025-12-24 17:01:23.075905,78,1.00,71
2025-12-24 17:01:24.088023,79,1.00,71
2025-12-24 17:01:25.093599,80,1.00,71
2025-12-24 17:01:26.046864,79,1.00,71
2025-12-24 17:01:27.049369,79,1.00,71
2025-12-24 17:01:28.052609,79,1.00,71
2025-12-24 17:01:29.105392,78,1.00,71
2025-12-24 17:01:30.057729,77,1.00,71
2025-12-24 17:01:31.060475,76,1.00,71
2025-12-24 17:01:32.063187,76,1.00,71
2025-12-24 17:01:33.066320,75,1.00,71
2025-12-24 17:01:34.069224,75,1.00,71
2025-12-24 17:01:35.071826,75,1.00,71
2025-12-24 17:01:36.074789,75,1.00,71
2025-12-24 17:01:37.078034,75,1.00,71
2025-12-24 17:01:38.080719,76,1.00,71
2025-12-24 17:01:39.083414,76,1.00,71
2025-12-24 17:01:40.086563,75,1.00,71
2025-12-24 17:01:41.089211,75,1.00,71
2025-12-24 17:01:42.091836,74,1.00,71
2025-12-24 17:01:43.094760,73,1.00,71
2025-12-24 17:01:44.047325,72,1.00,71
2025-12-24 17:01:45.150552,72,1.00,71
2025-12-24 17:01:46.055217,72,1.00,71
2025-12-24 17:01:47.059566,72,1.00,71
2025-12-24 17:01:48.065115,72,1.00,71
2025-12-24 17:01:49.067343,72,1.00,71
2025-12-24 17:01:50.070805,71,1.00,71
2025-12-24 17:01:51.074440,70,1.00,71
2025-12-24 17:01:52.077283,70,1.00,71
2025-12-24 17:01:53.079848,70,1.00,71
2025-12-24 17:01:54.083117,71,1.00,71
2025-12-24 17:01:55.086446,71,1.00,71
2025-12-24 17:01:56.089021,71,1.00,71
2025-12-24 17:01:57.091576,71,1.00,71
2025-12-24 17:01:58.044938,71,1.00,71
2025-12-24 17:01:59.047701,71,1.00,71
2025-12-24 17:02:00.050564,70,1.00,71
2025-12-24 17:02:01.053269,70,1.00,71
2025-12-24 17:02:02.106112,71,1.00,71
2025-12-24 17:02:03.059037,71,1.00,71
2025-12-24 17:02:04.050731,72,1.00,71
2025-12-24 17:02:05.053867,72,1.00,71
2025-12-24 17:02:06.059915,71,1.00,71
2025-12-24 17:02:07.062006,70,1.00,71
2025-12-24 17:02:08.064700,70,1.00,71
2025-12-24 17:02:09.067368,70,1.00,71
2025-12-24 17:02:10.070426,70,1.00,71
2025-12-24 17:02:11.074477,71,1.00,71
2025-12-24 17:02:12.079184,71,1.00,71
2025-12-24 17:02:13.084809,70,1.00,71
2025-12-24 17:02:14.088815,70,1.00,71
2025-12-24 17:02:15.091775,70,1.00,71
2025-12-24 17:02:16.094803,69,1.00,71
2025-12-24 17:02:17.098312,69,1.00,71
2025-12-24 17:02:18.101367,68,1.00,71
2025-12-24 17:02:19.054052,67,1.00,71
2025-12-24 17:02:20.057183,68,1.00,71
2025-12-24 17:02:21.059771,68,1.00,71
2025-12-24 17:02:22.062574,67,1.00,71
2025-12-24 17:02:23.065941,67,1.00,71
2025-12-24 17:02:24.069076,66,1.00,71
2025-12-24 17:02:25.052038,66,1.00,71
2025-12-24 17:02:26.055400,65,1.00,71
2025-12-24 17:02:27.061952,65,1.00,71
2025-12-24 17:02:28.064729,66,1.00,71
2025-12-24 17:02:29.067700,66,1.00,71
2025-12-24 17:02:30.069777,67,1.00,71
2025-12-24 17:02:31.072599,67,1.00,71
2025-12-24 17:02:32.075461,67,1.00,71
2025-12-24 17:02:33.128372,67,1.00,71
2025-12-24 17:02:34.080397,67,1.00,71
2025-12-24 17:02:35.083432,66,1.00,71
2025-12-24 17:02:36.086723,66,1.00,71
2025-12-24 17:02:37.089964,65,1.00,71
2025-12-24 17:02:38.092284,65,1.00,71
2025-12-24 17:02:39.095532,65,1.00,71
2025-12-24 17:02:40.048406,65,1.00,71
2025-12-24 17:02:41.051839,66,1.00,71
2025-12-24 17:02:42.054956,67,1.00,71
2025-12-24 17:02:43.058121,68,1.00,71
2025-12-24 17:02:44.062264,68,1.00,71
2025-12-24 17:02:45.064492,68,1.00,71
2025-12-24 17:02:46.066905,67,1.00,71
2025-12-24 17:02:47.075164,67,1.00,71
2025-12-24 17:02:48.081075,66,1.00,71
2025-12-24 17:02:49.083585,65,1.00,71
2025-12-24 17:02:50.086172,66,1.00,71
2025-12-24 17:02:51.088939,67,1.00,71
2025-12-24 17:02:52.092133,68,1.00,71
2025-12-24 17:02:53.094441,69,1.00,71
2025-12-24 17:02:54.097321,69,1.00,71
2025-12-24 17:02:55.050180,69,1.00,71
2025-12-24 17:02:56.052864,68,1.00,71
2025-12-24 17:02:57.056167,67,1.00,71
2025-12-24 17:02:58.108902,66,1.00,71
2025-12-24 17:02:59.062007,66,1.00,71
2025-12-24 17:03:00.065033,65,1.00,71
2025-12-24 17:03:01.068208,65,1.00,71
2025-12-24 17:03:02.070543,65,1.00,71
2025-12-24 17:03:03.073624,65,1.00,71
2025-12-24 17:03:04.077266,66,1.00,71
2025-12-24 17:03:05.080250,66,1.00,71
2025-12-24 17:03:06.083122,66,1.00,71
2025-12-24 17:03:07.085931,66,1.00,71
2025-12-24 17:03:08.089193,66,1.00,71
2025-12-24 17:03:09.092316,65,1.00,71
2025-12-24 17:03:10.095265,67,1.00,71
2025-12-24 17:03:11.048064,67,1.00,71
2025-12-24 17:03:12.052548,69,1.00,71
2025-12-24 17:03:13.055246,70,1.00,71
2025-12-24 17:03:14.058604,71,1.00,71
2025-12-24 17:03:15.063856,72,1.00,71
2025-12-24 17:03:16.066621,73,1.00,71
2025-12-24 17:03:17.069970,73,1.00,71
2025-12-24 17:03:18.073006,74,1.00,71
2025-12-24 17:03:19.075751,75,1.00,71
2025-12-24 17:03:20.078372,76,1.00,71
2025-12-24 17:03:21.081325,77,1.00,71
2025-12-24 17:03:22.084283,76,1.00,71
2025-12-24 17:03:23.087819,76,1.00,71
2025-12-24 17:03:24.090602,74,1.00,71
2025-12-24 17:03:25.093906,73,1.00,71
2025-12-24 17:03:26.046788,71,1.00,71
2025-12-24 17:03:27.049746,70,1.00,71
2025-12-24 17:03:28.052832,71,1.00,71
2025-12-24 17:03:29.055977,71,1.00,71
2025-12-24 17:03:30.044112,72,1.00,71
2025-12-24 17:03:31.046708,73,1.00,71
2025-12-24 17:03:32.101559,72,1.00,71
2025-12-24 17:03:33.057242,72,1.00,71
2025-12-24 17:03:34.059986,71,1.00,71
2025-12-24 17:03:35.113139,71,1.00,71
2025-12-24 17:03:36.066149,71,1.00,71
2025-12-24 17:03:37.069268,71,1.00,71
2025-12-24 17:03:38.072494,70,1.00,71
2025-12-24 17:03:39.074775,70,1.00,71
2025-12-24 17:03:40.077784,68,1.00,71
2025-12-24 17:03:41.080353,67,1.00,71
2025-12-24 17:03:42.083512,67,1.00,71
2025-12-24 17:03:43.086251,67,1.00,71
2025-12-24 17:03:44.088847,67,1.00,71
2025-12-24 17:03:45.041762,68,1.00,71
2025-12-24 17:03:46.095200,68,1.00,71
2025-12-24 17:03:47.048652,68,1.00,71
2025-12-24 17:03:48.051933,68,1.00,71
2025-12-24 17:03:49.105667,67,1.00,71
2025-12-24 17:03:50.058937,66,1.00,71
2025-12-24 17:03:51.062271,65,1.00,71
2025-12-24 17:03:52.065359,65,1.00,71
2025-12-24 17:03:53.068328,65,1.00,71
2025-12-24 17:03:54.071781,65,1.00,71
2025-12-24 17:03:55.074740,65,1.00,71
2025-12-24 17:03:56.077854,65,1.00,71
2025-12-24 17:03:57.084236,66,1.00,71
2025-12-24 17:03:58.087786,67,1.00,71
2025-12-24 17:03:59.095128,68,1.00,71
2025-12-24 17:04:00.051343,68,1.00,71
2025-12-24 17:04:01.054847,68,1.00,71
2025-12-24 17:04:02.057644,68,1.00,71
2025-12-24 17:04:03.060638,69,1.00,71
2025-12-24 17:04:04.064283,70,1.00,71
2025-12-24 17:04:05.067854,72,1.00,71
2025-12-24 17:04:06.071453,72,1.00,71
2025-12-24 17:04:07.074275,73,1.00,71
2025-12-24 17:04:08.077630,72,1.00,71
2025-12-24 17:04:09.080993,71,1.00,71
2025-12-24 17:04:10.084322,70,1.00,71
2025-12-24 17:04:11.087414,70,1.00,71
2025-12-24 17:04:12.113331,69,1.00,71
2025-12-24 17:04:13.070469,69,1.00,71
2025-12-24 17:04:14.066853,68,1.00,71
2025-12-24 17:04:15.094419,68,1.00,71
2025-12-24 17:04:16.049862,67,1.00,71
2025-12-24 17:04:17.071066,67,1.00,71
2025-12-24 17:04:18.064100,67,1.00,71
2025-12-24 17:04:19.088316,67,1.00,71
2025-12-24 17:04:20.054178,67,1.00,71
2025-12-24 17:04:21.129750,67,1.00,71
2025-12-24 17:04:22.075318,67,1.00,71
2025-12-24 17:04:23.117104,67,1.00,71
2025-12-24 17:04:24.082013,67,1.00,71
2025-12-24 17:04:25.066649,68,1.00,71
2025-12-24 17:04:26.066570,68,1.00,71
2025-12-24 17:04:27.163066,68,1.00,71
2025-12-24 17:04:28.092252,68,1.00,71
2025-12-24 17:04:29.102126,68,1.00,71
2025-12-24 17:04:30.052533,69,1.00,71
2025-12-24 17:04:31.085086,70,1.00,71
2025-12-24 17:04:32.068070,71,1.00,71
2025-12-24 17:04:33.061372,71,1.00,71
2025-12-24 17:04:34.087773,72,1.00,71
2025-12-24 17:04:35.085867,73,1.00,71
2025-12-24 17:04:36.104920,74,1.00,71
2025-12-24 17:04:37.058571,75,1.00,71
2025-12-24 17:04:38.076375,75,1.00,71
2025-12-24 17:04:39.099117,74,1.00,71
2025-12-24 17:04:40.057352,72,1.00,71
2025-12-24 17:04:41.091072,71,1.00,71
2025-12-24 17:04:42.067697,69,1.00,71
2025-12-24 17:04:43.051408,68,1.00,71
2025-12-24 17:04:44.117104,68,1.00,71
2025-12-24 17:04:45.083786,67,1.00,71
2025-12-24 17:04:46.068127,67,1.00,71
2025-12-24 17:04:47.073511,67,1.00,71
2025-12-24 17:04:48.126213,67,1.00,71
2025-12-24 17:04:49.065330,67,1.00,71
2025-12-24 17:04:50.047984,66,1.00,71
2025-12-24 17:04:51.089215,65,1.00,71
2025-12-24 17:04:52.098224,64,1.00,71
2025-12-24 17:04:53.130851,64,1.00,71
2025-12-24 17:04:54.066784,64,1.00,71
2025-12-24 17:04:55.099023,64,1.00,71
2025-12-24 17:04:56.063533,64,1.00,71
2025-12-24 17:04:57.065826,64,1.00,71
2025-12-24 17:04:58.074001,64,1.00,71
2025-12-24 17:04:59.088940,64,1.00,71
2025-12-24 17:05:00.065481,64,1.00,71
2025-12-24 17:05:01.102181,64,1.00,71
2025-12-24 17:05:02.076209,63,1.00,71
2025-12-24 17:05:03.113640,63,1.00,71
2025-12-24 17:05:04.071107,63,1.00,71
2025-12-24 17:05:05.098914,63,1.00,71
2025-12-24 17:05:06.057719,63,1.00,71
2025-12-24 17:05:07.095167,63,1.00,71
2025-12-24 17:05:08.078641,63,1.00,71
2025-12-24 17:05:09.076608,62,1.00,71
2025-12-24 17:05:10.058421,63,1.00,71
2025-12-24 17:05:11.083713,63,1.00,71
2025-12-24 17:05:12.089233,63,1.00,71
2025-12-24 17:05:13.086123,64,1.00,71
2025-12-24 17:05:14.089507,64,1.00,71
2025-12-24 17:05:15.086702,64,1.00,71
2025-12-24 17:05:16.095286,64,1.00,71
2025-12-24 17:05:17.112200,65,1.00,71
2025-12-24 17:05:18.082049,65,1.00,71
2025-12-24 17:05:19.074402,66,1.00,71
2025-12-24 17:05:20.120781,65,1.00,71
2025-12-24 17:05:21.101318,65,1.00,71
2025-12-24 17:05:22.091757,64,1.00,71
2025-12-24 17:05:23.058279,64,1.00,71
2025-12-24 17:05:24.052367,64,1.00,71
2025-12-24 17:05:25.109705,64,1.00,71
2025-12-24 17:05:26.097071,65,1.00,71
2025-12-24 17:05:27.086854,67,1.00,71
2025-12-24 17:05:28.065741,68,1.00,71
2025-12-24 17:05:29.082988,69,1.00,71
2025-12-24 17:05:30.096776,69,1.00,71
2025-12-24 17:05:31.124482,69,1.00,71
2025-12-24 17:05:32.070048,68,1.00,71
2025-12-24 17:05:33.077126,68,1.00,71
2025-12-24 17:05:34.080492,68,1.00,71
2025-12-24 17:05:35.099354,68,1.00,71
2025-12-24 17:05:36.097187,68,1.00,71
2025-12-24 17:05:37.063555,68,1.00,71
2025-12-24 17:05:38.084372,67,1.00,71
2025-12-24 17:05:39.106172,67,1.00,71
2025-12-24 17:05:40.082349,66,1.00,71
2025-12-24 17:05:41.088814,65,1.00,71
2025-12-24 17:05:42.111812,65,1.00,71
2025-12-24 17:05:43.055522,65,1.00,71
2025-12-24 17:05:44.085362,65,1.00,71
2025-12-24 17:05:45.078731,66,1.00,71
2025-12-24 17:05:46.076597,66,1.00,71
2025-12-24 17:05:47.092978,66,1.00,71
2025-12-24 17:05:48.095304,66,1.00,71
2025-12-24 17:05:49.091830,66,1.00,71
2025-12-24 17:05:50.088252,66,1.00,71
2025-12-24 17:05:51.046604,66,1.00,71
2025-12-24 17:05:52.110772,65,1.00,71
2025-12-24 17:05:53.112374,65,1.00,71
2025-12-24 17:05:54.112537,64,1.00,71
2025-12-24 17:05:55.061333,64,1.00,71
2025-12-24 17:05:56.071773,64,1.00,71
2025-12-24 17:05:57.085299,65,1.00,71
2025-12-24 17:05:58.065205,66,1.00,71
2025-12-24 17:05:59.112651,68,1.00,71
2025-12-24 17:06:00.097922,69,1.00,71
2025-12-24 17:06:01.088913,69,1.00,71
2025-12-24 17:06:02.076756,69,1.00,71
2025-12-24 17:06:03.066914,68,1.00,71
2025-12-24 17:06:04.049502,67,1.00,71
2025-12-24 17:06:05.107684,67,1.00,71
2025-12-24 17:06:06.109822,66,1.00,71
2025-12-24 17:06:07.113688,66,1.00,71
2025-12-24 17:06:08.116392,66,1.00,71
2025-12-24 17:06:09.063654,66,1.00,71
2025-12-24 17:06:10.080101,66,1.00,71
2025-12-24 17:06:11.091643,65,1.00,71
2025-12-24 17:06:12.108301,64,1.00,71
2025-12-24 17:06:13.073723,64,1.00,71
2025-12-24 17:06:14.052085,65,1.00,71
2025-12-24 17:06:15.102305,65,1.00,71
2025-12-24 17:06:16.078945,64,1.00,71
2025-12-24 17:06:17.076840,64,1.00,71
2025-12-24 17:06:18.102770,64,1.00,71
2025-12-24 17:06:19.075959,64,1.00,71
2025-12-24 17:06:20.181094,64,1.00,71
2025-12-24 17:06:21.054468,65,1.00,71
2025-12-24 17:06:22.043227,66,1.00,71
2025-12-24 17:06:23.113156,67,1.00,71
2025-12-24 17:06:24.045435,67,1.00,71
2025-12-24 17:06:25.071751,68,1.00,71
2025-12-24 17:06:26.057736,68,1.00,71
2025-12-24 17:06:27.117172,69,1.00,71
2025-12-24 17:06:28.085955,68,1.00,71
2025-12-24 17:06:29.118161,68,1.00,71
2025-12-24 17:06:30.094292,67,1.00,71
2025-12-24 17:06:31.093139,67,1.00,71
2025-12-24 17:06:32.088085,66,1.00,71
2025-12-24 17:06:33.067950,66,1.00,71
2025-12-24 17:06:34.113182,66,1.00,71
2025-12-24 17:06:35.091957,65,1.00,71
2025-12-24 17:06:36.091974,66,1.00,71
2025-12-24 17:06:37.049979,66,1.00,71
2025-12-24 17:06:38.078659,67,1.00,71
2025-12-24 17:06:39.053962,68,1.00,71
2025-12-24 17:06:40.082831,70,1.00,71
2025-12-24 17:06:41.051016,71,1.00,71
2025-12-24 17:06:42.165277,71,1.00,71
2025-12-24 17:06:43.120580,72,1.00,71
2025-12-24 17:06:44.097578,71,1.00,71
2025-12-24 17:06:45.098158,71,1.00,71
2025-12-24 17:06:46.096843,71,1.00,71
2025-12-24 17:06:47.081469,70,1.00,71
2025-12-24 17:06:48.056059,69,1.00,71
2025-12-24 17:06:49.098889,68,1.00,71
2025-12-24 17:06:50.075308,67,1.00,71
2025-12-24 17:06:51.052675,67,1.00,71
2025-12-24 17:06:52.054367,66,1.00,71
2025-12-24 17:06:53.085319,65,1.00,71
2025-12-24 17:06:54.057275,64,1.00,71
2025-12-24 17:06:55.061451,64,1.00,71
2025-12-24 17:06:56.062380,63,1.00,71
2025-12-24 17:06:57.067015,62,1.00,71
2025-12-24 17:06:58.049765,61,1.00,71
2025-12-24 17:06:59.101385,61,1.00,71
2025-12-24 17:07:00.078643,61,1.00,71
2025-12-24 17:07:01.067471,61,1.00,71
2025-12-24 17:07:02.123390,61,1.00,71
2025-12-24 17:07:03.065472,62,1.00,71
2025-12-24 17:07:04.093441,63,1.00,71
2025-12-24 17:07:05.060785,63,1.00,71
2025-12-24 17:07:06.150559,63,1.00,71
2025-12-24 17:07:07.099361,63,1.00,71
2025-12-24 17:07:08.062333,63,1.00,71
2025-12-24 17:07:09.051391,64,1.00,71
2025-12-24 17:07:10.100866,65,1.00,71
2025-12-24 17:07:11.091239,66,1.00,71
2025-12-24 17:07:12.100641,66,1.00,71
2025-12-24 17:07:13.083403,66,1.00,71
2025-12-24 17:07:14.071799,65,1.00,71
2025-12-24 17:07:15.083769,64,1.00,71
2025-12-24 17:07:16.081679,63,1.00,71
2025-12-24 17:07:17.080458,63,1.00,71
2025-12-24 17:07:18.100565,63,1.00,71
2025-12-24 17:07:19.056989,62,1.00,71
2025-12-24 17:07:20.046619,62,1.00,71
2025-12-24 17:07:21.077684,63,1.00,71
2025-12-24 17:07:22.069402,63,1.00,71
2025-12-24 17:07:23.094906,63,1.00,71
2025-12-24 17:07:24.092431,63,1.00,71
2025-12-24 17:07:25.053208,63,1.00,71
2025-12-24 17:07:26.085089,63,1.00,71
2025-12-24 17:07:27.067428,63,1.00,71
2025-12-24 17:07:28.110037,62,1.00,71
2025-12-24 17:07:29.070892,62,1.00,71
2025-12-24 17:07:30.096854,63,1.00,71
2025-12-24 17:07:31.161080,64,1.00,71
2025-12-24 17:07:32.130025,64,1.00,71
2025-12-24 17:07:33.115197,64,1.00,71
2025-12-24 17:07:34.106889,65,1.00,71
2025-12-24 17:07:35.069482,66,1.00,71
2025-12-24 17:07:36.113791,68,1.00,71
2025-12-24 17:07:37.042557,69,1.00,71
2025-12-24 17:07:38.101848,70,1.00,71
2025-12-24 17:07:39.083162,71,1.00,71
2025-12-24 17:07:40.122115,70,1.00,71
2025-12-24 17:07:41.092997,69,1.00,71
2025-12-24 17:07:42.063075,68,1.00,71
2025-12-24 17:07:43.087612,67,1.00,71
2025-12-24 17:07:44.054172,67,1.00,71
2025-12-24 17:07:45.095471,66,1.00,71
2025-12-24 17:07:46.046606,66,1.00,71
2025-12-24 17:07:47.078574,66,1.00,71
2025-12-24 17:07:48.080860,65,1.00,71
2025-12-24 17:07:49.098927,65,1.00,71
2025-12-24 17:07:50.091478,65,1.00,71
2025-12-24 17:07:51.049724,65,1.00,71
2025-12-24 17:07:52.103567,65,1.00,71
2025-12-24 17:07:53.083254,65,1.00,71
2025-12-24 17:07:54.061739,65,1.00,71
2025-12-24 17:07:55.077676,65,1.00,71
2025-12-24 17:07:56.054026,64,1.00,71
2025-12-24 17:07:57.111640,64,1.00,71
2025-12-24 17:07:58.171144,64,1.00,71
2025-12-24 17:07:59.085608,63,1.00,71
2025-12-24 17:08:00.080135,65,1.00,71
2025-12-24 17:08:01.073429,66,1.00,71
2025-12-24 17:08:02.063886,67,1.00,71
2025-12-24 17:08:03.065772,68,1.00,71
2025-12-24 17:08:04.084514,68,1.00,71
2025-12-24 17:08:05.095987,68,1.00,71
2025-12-24 17:08:06.116071,67,1.00,71
2025-12-24 17:08:07.060883,66,1.00,71
2025-12-24 17:08:08.070091,65,1.00,71
2025-12-24 17:08:09.055771,65,1.00,71
2025-12-24 17:08:10.093546,64,1.00,71
2025-12-24 17:08:11.059023,64,1.00,71
2025-12-24 17:08:12.107863,64,1.00,71
2025-12-24 17:08:13.089600,64,1.00,71
2025-12-24 17:08:14.118592,63,1.00,71
2025-12-24 17:08:15.082846,63,1.00,71
2025-12-24 17:08:16.041482,63,1.00,71
2025-12-24 17:08:17.064626,62,1.00,71
2025-12-24 17:08:18.053934,63,1.00,71
2025-12-24 17:08:19.103737,64,1.00,71
2025-12-24 17:08:20.071193,65,1.00,71
2025-12-24 17:08:21.107212,66,1.00,71
2025-12-24 17:08:22.086479,66,1.00,71
2025-12-24 17:08:23.132079,66,1.00,71
2025-12-24 17:08:24.108162,66,1.00,71
2025-12-24 17:08:25.046036,66,1.00,71
2025-12-24 17:08:26.061975,67,1.00,71
2025-12-24 17:08:27.094091,67,1.00,71
2025-12-24 17:08:28.057422,66,1.00,71
2025-12-24 17:08:29.131197,66,1.00,71
2025-12-24 17:08:35.846804,66,1.00,71
2025-12-24 17:08:35.920087,65,1.00,71
2025-12-24 17:08:35.994563,66,1.00,71
2025-12-24 17:08:36.064560,67,1.00,71
2025-12-24 17:08:36.133997,67,1.00,71
2025-12-24 17:08:36.203858,67,1.00,71
2025-12-24 17:08:36.274008,66,1.00,71
2025-12-24 17:08:37.088427,66,1.00,71
2025-12-24 17:08:38.072674,66,1.00,71
2025-12-24 17:08:39.116734,67,1.00,71
2025-12-24 17:08:40.095029,68,1.00,71
2025-12-24 17:08:41.135158,69,1.00,71
2025-12-24 17:08:42.109683,70,1.00,71
2025-12-24 17:08:43.089154,70,1.00,71
2025-12-24 17:08:44.064232,69,1.00,71
2025-12-24 17:08:45.111951,68,1.00,71
2025-12-24 17:08:46.085112,67,1.00,71
2025-12-24 17:08:47.065371,67,1.00,71
2025-12-24 17:08:48.051357,68,1.00,71
2025-12-24 17:08:49.098219,68,1.00,71
2025-12-24 17:08:50.071221,68,1.00,71
2025-12-24 17:08:51.115217,67,1.00,71
2025-12-24 17:08:52.089750,67,1.00,71
2025-12-24 17:08:53.056750,67,1.00,71
2025-12-24 17:08:54.092705,68,1.00,71
2025-12-24 17:08:55.071224,68,1.00,71
2025-12-24 17:08:56.113271,68,1.00,71
2025-12-24 17:08:57.097638,69,1.00,71
2025-12-24 17:08:58.083614,68,1.00,71
2025-12-24 17:08:59.084633,67,1.00,71
2025-12-24 17:09:00.107966,66,1.00,71
2025-12-24 17:09:01.106455,65,1.00,71
2025-12-24 17:09:02.113228,66,1.00,71
2025-12-24 17:09:03.058166,67,1.00,71
2025-12-24 17:09:04.091098,68,1.00,71
2025-12-24 17:09:05.058119,70,1.00,71
2025-12-24 17:09:06.100230,69,1.00,71
2025-12-24 17:09:07.074127,69,1.00,71
2025-12-24 17:09:08.050277,67,1.00,71
2025-12-24 17:09:09.090829,66,1.00,71
2025-12-24 17:09:10.064192,64,1.00,71
2025-12-24 17:09:11.042887,63,1.00,71
2025-12-24 17:09:12.098528,62,1.00,71
2025-12-24 17:09:13.073421,62,1.00,71
2025-12-24 17:09:14.049135,62,1.00,71
2025-12-24 17:09:15.097077,62,1.00,71
2025-12-24 17:09:16.076239,62,1.00,71
2025-12-24 17:09:17.119524,62,1.00,71
2025-12-24 17:09:18.104385,62,1.00,71
2025-12-24 17:09:19.074989,62,1.00,71
2025-12-24 17:09:20.042001,62,1.00,71
2025-12-24 17:09:21.078578,62,1.00,71
2025-12-24 17:09:22.046821,61,1.00,71
2025-12-24 17:09:23.087590,61,1.00,71
2025-12-24 17:09:24.056452,61,1.00,71
2025-12-24 17:09:25.098092,60,1.00,71
2025-12-24 17:09:26.084686,61,1.00,71
2025-12-24 17:09:27.064412,61,1.00,71
2025-12-24 17:09:28.046287,61,1.00,71
2025-12-24 17:09:29.103358,61,1.00,71
2025-12-24 17:09:30.101811,62,1.00,71
2025-12-24 17:09:31.115144,63,1.00,71
2025-12-24 17:09:32.098724,64,1.00,71
2025-12-24 17:09:33.069960,65,1.00,71
2025-12-24 17:09:34.102295,67,1.00,71
2025-12-24 17:09:35.097264,68,1.00,71
2025-12-24 17:09:36.104987,69,1.00,71
2025-12-24 17:09:37.094161,70,1.00,71
2025-12-24 17:09:38.079787,69,1.00,71
2025-12-24 17:09:39.061893,68,1.00,71
2025-12-24 17:09:40.113869,67,1.00,71
2025-12-24 17:09:41.094632,66,1.00,71
2025-12-24 17:09:42.083756,65,1.00,71
2025-12-24 17:09:43.070211,65,1.00,71
2025-12-24 17:09:44.056937,64,1.00,71
2025-12-24 17:09:45.113431,63,1.00,71
2025-12-24 17:09:46.101762,63,1.00,71
2025-12-24 17:09:47.087245,62,1.00,71
2025-12-24 17:09:48.071639,62,1.00,71
2025-12-24 17:09:49.059118,62,1.00,71
2025-12-24 17:09:50.107411,62,1.00,71
2025-12-24 17:09:51.096781,62,1.00,71
2025-12-24 17:09:52.088402,62,1.00,71
2025-12-24 17:09:53.067848,62,1.00,71
2025-12-24 17:09:54.116268,62,1.00,71
2025-12-24 17:09:55.101952,62,1.00,71
2025-12-24 17:09:56.085135,61,1.00,71
2025-12-24 17:09:57.070515,61,1.00,71
2025-12-24 17:09:58.124619,61,1.00,71
2025-12-24 17:09:59.059188,61,1.00,71
2025-12-24 17:10:00.059046,62,1.00,71
2025-12-24 17:10:01.060908,62,1.00,71
2025-12-24 17:10:02.053364,62,1.00,71
2025-12-24 17:10:03.105940,63,1.00,71
2025-12-24 17:10:04.096387,62,1.00,71
2025-12-24 17:10:05.092758,62,1.00,71
2025-12-24 17:10:06.090769,62,1.00,71
2025-12-24 17:10:07.078511,62,1.00,71
2025-12-24 17:10:08.083982,62,1.00,71
2025-12-24 17:10:09.079642,62,1.00,71
2025-12-24 17:10:10.072249,62,1.00,71
2025-12-24 17:10:11.087176,63,1.00,71
2025-12-24 17:10:12.105350,63,1.00,71
2025-12-24 17:10:13.094337,63,1.00,71
2025-12-24 17:10:14.065041,63,1.00,71
2025-12-24 17:10:15.084028,63,1.00,71
2025-12-24 17:10:16.109981,63,1.00,71
2025-12-24 17:10:17.086014,63,1.00,71
2025-12-24 17:10:18.060929,62,1.00,71
2025-12-24 17:10:19.085102,62,1.00,71
2025-12-24 17:10:20.059649,62,1.00,71
2025-12-24 17:10:21.094480,62,1.00,71
2025-12-24 17:10:22.069890,63,1.00,71
2025-12-24 17:10:23.059300,63,1.00,71
2025-12-24 17:10:24.057922,63,1.00,71
2025-12-24 17:10:25.063769,63,1.00,71
2025-12-24 17:10:26.063757,63,1.00,71
2025-12-24 17:10:27.058058,63,1.00,71
2025-12-24 17:10:28.108823,64,1.00,71
2025-12-24 17:10:29.095015,64,1.00,71
2025-12-24 17:10:30.084542,65,1.00,71
2025-12-24 17:10:31.081387,66,1.00,71
2025-12-24 17:10:32.083728,67,1.00,71
2025-12-24 17:10:33.085022,68,1.00,71
2025-12-24 17:10:34.085958,68,1.00,71
2025-12-24 17:10:35.085503,69,1.00,71
2025-12-24 17:10:36.107484,70,1.00,71
2025-12-24 17:10:37.106301,71,1.00,71
2025-12-24 17:10:38.046075,71,1.00,71
2025-12-24 17:10:39.075660,71,1.00,71
2025-12-24 17:10:40.091599,70,1.00,71
2025-12-24 17:10:41.094164,69,1.00,71
2025-12-24 17:10:42.082703,70,1.00,71
2025-12-24 17:10:43.106143,70,1.00,71
2025-12-24 17:10:44.047180,71,1.00,71
2025-12-24 17:10:45.065239,72,1.00,71
2025-12-24 17:10:46.050101,73,1.00,71
2025-12-24 17:10:47.049182,74,1.00,71
2025-12-24 17:10:48.102670,76,1.00,71
2025-12-24 17:10:49.094347,77,1.00,71
2025-12-24 17:10:50.073542,77,1.00,71
2025-12-24 17:10:51.064037,77,1.00,71
2025-12-24 17:10:52.058425,76,1.00,71
2025-12-24 17:10:53.109878,75,1.00,71
2025-12-24 17:10:54.096874,75,1.00,71
2025-12-24 17:10:55.086877,75,1.00,71
2025-12-24 17:10:56.084941,76,1.00,71
2025-12-24 17:10:57.074854,77,1.00,71
2025-12-24 17:10:58.126699,77,1.00,71
2025-12-24 17:10:59.045528,77,1.00,71
2025-12-24 17:11:00.107615,76,1.00,71
2025-12-24 17:11:01.096390,75,1.00,71
2025-12-24 17:11:02.084678,74,1.00,71
2025-12-24 17:11:03.055762,74,1.00,71
2025-12-24 17:11:04.102262,73,1.00,71
2025-12-24 17:11:05.061017,73,1.00,71
2025-12-24 17:11:06.087718,72,1.00,71
2025-12-24 17:11:07.119351,72,1.00,71
2025-12-24 17:11:08.078375,72,1.00,71
2025-12-24 17:11:09.116492,71,1.00,71
2025-12-24 17:11:10.063936,72,1.00,71
2025-12-24 17:11:11.091076,72,1.00,71
2025-12-24 17:11:12.055730,73,1.00,71
2025-12-24 17:11:13.084221,74,1.00,71
2025-12-24 17:11:14.077501,75,1.00,71
2025-12-24 17:11:15.062634,75,1.00,71
2025-12-24 17:11:16.056564,75,1.00,71
2025-12-24 17:11:17.091986,75,1.00,71
2025-12-24 17:11:18.108338,75,1.00,71
2025-12-24 17:11:19.060854,75,1.00,71
2025-12-24 17:11:20.107579,75,1.00,71
2025-12-24 17:11:21.070091,75,1.00,71
2025-12-24 17:11:22.102088,76,1.00,71
2025-12-24 17:11:23.077212,76,1.00,71
2025-12-24 17:11:24.105244,77,1.00,71
2025-12-24 17:11:25.082921,77,1.00,71
2025-12-24 17:11:26.061736,77,1.00,71
2025-12-24 17:11:27.105996,77,1.00,71
2025-12-24 17:11:28.076380,76,1.00,71
2025-12-24 17:11:29.047189,75,1.00,71
2025-12-24 17:11:30.074443,74,1.00,71
2025-12-24 17:11:31.079948,73,1.00,71
2025-12-24 17:11:32.075030,73,1.00,71
2025-12-24 17:11:33.098405,73,1.00,71
2025-12-24 17:11:34.058759,73,1.00,71
2025-12-24 17:11:35.103577,73,1.00,71
2025-12-24 17:11:36.116591,73,1.00,71
2025-12-24 17:11:37.057191,73,1.00,71
2025-12-24 17:11:38.075702,74,1.00,71
2025-12-24 17:11:39.099790,74,1.00,71
2025-12-24 17:11:40.061740,74,1.00,71
2025-12-24 17:11:41.084886,73,1.00,71
2025-12-24 17:11:42.116849,73,1.00,71
2025-12-24 17:11:43.085388,73,1.00,71
2025-12-24 17:11:44.109448,73,1.00,71
2025-12-24 17:11:45.110290,73,1.00,71
2025-12-24 17:11:46.058239,74,1.00,71
2025-12-24 17:11:47.077062,74,1.00,71
2025-12-24 17:11:48.098075,74,1.00,71
2025-12-24 17:11:49.048500,74,1.00,71
2025-12-24 17:11:50.088262,73,1.00,71
2025-12-24 17:11:51.062967,72,1.00,71
2025-12-24 17:11:52.061565,71,1.00,71
2025-12-24 17:11:53.101772,70,1.00,71
2025-12-24 17:11:54.085187,70,1.00,71
2025-12-24 17:11:55.051587,70,1.00,71
2025-12-24 17:11:56.078141,70,1.00,71
2025-12-24 17:11:57.111126,70,1.00,71
2025-12-24 17:11:58.074591,70,1.00,71
2025-12-24 17:11:59.110162,70,1.00,71
2025-12-24 17:12:00.069496,69,1.00,71
2025-12-24 17:12:01.101374,69,1.00,71
2025-12-24 17:12:02.094466,69,1.00,71
2025-12-24 17:12:03.109140,70,1.00,71
2025-12-24 17:12:04.060787,70,1.00,71
2025-12-24 17:12:05.057346,70,1.00,71
2025-12-24 17:12:06.092820,70,1.00,71
2025-12-24 17:12:07.093949,70,1.00,71
2025-12-24 17:12:08.066377,69,1.00,71
2025-12-24 17:12:09.105973,69,1.00,71
2025-12-24 17:12:10.078018,69,1.00,71
2025-12-24 17:12:11.076281,69,1.00,71
2025-12-24 17:12:12.099276,70,1.00,71
2025-12-24 17:12:13.052217,71,1.00,71
2025-12-24 17:12:14.054445,71,1.00,71
2025-12-24 17:12:15.042266,72,1.00,71
2025-12-24 17:12:16.091787,73,1.00,71
2025-12-24 17:12:17.076762,73,1.00,71
2025-12-24 17:12:18.075593,73,1.00,71
2025-12-24 17:12:19.075258,72,1.00,71
2025-12-24 17:12:20.062783,72,1.00,71
2025-12-24 17:12:21.076319,71,1.00,71
2025-12-24 17:12:22.081613,71,1.00,71
2025-12-24 17:12:23.050652,71,1.00,71
2025-12-24 17:12:24.083942,71,1.00,71
2025-12-24 17:12:25.056867,71,1.00,71
2025-12-24 17:12:26.048750,71,1.00,71
2025-12-24 17:12:27.045759,71,1.00,71
2025-12-24 17:12:28.109704,72,1.00,71
2025-12-24 17:12:29.112531,72,1.00,71
2025-12-24 17:12:30.101559,73,1.00,71
2025-12-24 17:12:31.089348,73,1.00,71
2025-12-24 17:12:32.082245,74,1.00,71
2025-12-24 17:12:33.062328,75,1.00,71
2025-12-24 17:12:34.044939,76,1.00,71
2025-12-24 17:12:35.112388,77,1.00,71
2025-12-24 17:12:36.104432,76,1.00,71
2025-12-24 17:12:37.100835,76,1.00,71
2025-12-24 17:12:38.044478,76,1.00,71
2025-12-24 17:12:39.053685,76,1.00,71
2025-12-24 17:12:40.051531,75,1.00,71
2025-12-24 17:12:41.042676,75,1.00,71
2025-12-24 17:12:42.108058,74,1.00,71
2025-12-24 17:12:43.116295,74,1.00,71
2025-12-24 17:12:44.057467,74,1.00,71
2025-12-24 17:12:45.077227,73,1.00,71
2025-12-24 17:12:46.100369,73,1.00,71
2025-12-24 17:12:47.058546,73,1.00,71
2025-12-24 17:12:48.081543,73,1.00,71
2025-12-24 17:12:49.093008,73,1.00,71
2025-12-24 17:12:50.103147,74,1.00,71
2025-12-24 17:12:51.057626,74,1.00,71
2025-12-24 17:12:52.085137,74,1.00,71
2025-12-24 17:12:53.095782,74,1.00,71
2025-12-24 17:12:54.097332,74,1.00,71
2025-12-24 17:12:55.100774,74,1.00,71
2025-12-24 17:12:56.043173,74,1.00,71
2025-12-24 17:12:57.045981,74,1.00,71
2025-12-24 17:12:58.052179,73,1.00,71
2025-12-24 17:12:59.056714,73,1.00,71
2025-12-24 17:13:00.060533,73,1.00,71
2025-12-24 17:13:01.063974,72,1.00,71
2025-12-24 17:13:02.065545,73,1.00,71
2025-12-24 17:13:03.069765,73,1.00,71
2025-12-24 17:13:04.071143,73,1.00,71
2025-12-24 17:13:05.072120,73,1.00,71
2025-12-24 17:13:06.070996,72,1.00,71
2025-12-24 17:13:07.074251,72,1.00,71
2025-12-24 17:13:08.079901,72,1.00,71
2025-12-24 17:13:09.078645,72,1.00,71
2025-12-24 17:13:10.078322,72,1.00,71
2025-12-24 17:13:11.082350,72,1.00,71
2025-12-24 17:13:12.099862,73,1.00,71
2025-12-24 17:13:13.103089,73,1.00,71
2025-12-24 17:13:14.107515,74,1.00,71
2025-12-24 17:13:15.111352,74,1.00,71
2025-12-24 17:13:16.048724,74,1.00,71
2025-12-24 17:13:17.058771,74,1.00,71
2025-12-24 17:13:18.071908,74,1.00,71
2025-12-24 17:13:19.083700,74,1.00,71
2025-12-24 17:13:20.088383,74,1.00,71
2025-12-24 17:13:21.090410,75,1.00,71
2025-12-24 17:13:22.089875,75,1.00,71
2025-12-24 17:13:23.099365,75,1.00,71
2025-12-24 17:13:24.102276,76,1.00,71
2025-12-24 17:13:25.110500,76,1.00,71
2025-12-24 17:13:26.046277,75,1.00,71
2025-12-24 17:13:27.050092,74,1.00,71
2025-12-24 17:13:28.068262,73,1.00,71
