Timestamp,Device Timestamp (ns),ECG Value (uV)
2025-12-04 01:52:10.555110,599618947234009821,4.00
2025-12-04 01:52:10.555110,599618947234009821,19.00
2025-12-04 01:52:10.555110,599618947234009821,30.00
2025-12-04 01:52:10.555110,599618947234009821,33.00
2025-12-04 01:52:10.555110,599618947234009821,33.00
2025-12-04 01:52:10.555110,599618947234009821,30.00
2025-12-04 01:52:10.555110,599618947234009821,30.00
2025-12-04 01:52:10.555110,599618947234009821,28.00
2025-12-04 01:52:10.555110,599618947234009821,23.00
2025-12-04 01:52:10.555110,599618947234009821,21.00
2025-12-04 01:52:10.555110,599618947234009821,21.00
2025-12-04 01:52:10.555110,599618947234009821,21.00
2025-12-04 01:52:10.555110,599618947234009821,21.00
2025-12-04 01:52:10.555110,599618947234009821,21.00
2025-12-04 01:52:10.555110,599618947234009821,21.00
2025-12-04 01:52:10.555110,599618947234009821,21.00
2025-12-04 01:52:10.555110,599618947234009821,19.00
2025-12-04 01:52:10.555110,599618947234009821,21.00
2025-12-04 01:52:10.555110,599618947234009821,23.00
2025-12-04 01:52:10.555110,599618947234009821,21.00
2025-12-04 01:52:10.555110,599618947234009821,19.00
2025-12-04 01:52:10.555110,599618947234009821,21.00
2025-12-04 01:52:10.555110,599618947234009821,26.00
2025-12-04 01:52:10.555110,599618947234009821,26.00
2025-12-04 01:52:10.555110,599618947234009821,23.00
2025-12-04 01:52:10.555110,599618947234009821,23.00
2025-12-04 01:52:10.555110,599618947234009821,21.00
2025-12-04 01:52:10.555110,599618947234009821,16.00
2025-12-04 01:52:10.555110,599618947234009821,14.00
2025-12-04 01:52:10.555110,599618947234009821,14.00
2025-12-04 01:52:10.555110,599618947234009821,14.00
2025-12-04 01:52:10.555110,599618947234009821,19.00
2025-12-04 01:52:10.555110,599618947234009821,19.00
2025-12-04 01:52:10.555110,599618947234009821,14.00
2025-12-04 01:52:10.555110,599618947234009821,9.00
2025-12-04 01:52:10.555110,599618947234009821,7.00
2025-12-04 01:52:10.555110,599618947234009821,11.00
2025-12-04 01:52:10.555110,599618947234009821,14.00
2025-12-04 01:52:10.555110,599618947234009821,11.00
2025-12-04 01:52:10.555110,599618947234009821,9.00
2025-12-04 01:52:10.555110,599618947234009821,11.00
2025-12-04 01:52:10.555110,599618947234009821,9.00
2025-12-04 01:52:10.555110,599618947234009821,7.00
2025-12-04 01:52:10.555110,599618947234009821,9.00
2025-12-04 01:52:10.555110,599618947234009821,4.00
2025-12-04 01:52:10.555110,599618947234009821,2.00
2025-12-04 01:52:10.555110,599618947234009821,7.00
2025-12-04 01:52:10.555110,599618947234009821,4.00
2025-12-04 01:52:10.555110,599618947234009821,-2.00
2025-12-04 01:52:10.555110,599618947234009821,-9.00
2025-12-04 01:52:10.555110,599618947234009821,-16.00
2025-12-04 01:52:10.555110,599618947234009821,-16.00
2025-12-04 01:52:10.555110,599618947234009821,-11.00
2025-12-04 01:52:10.555110,599618947234009821,-14.00
2025-12-04 01:52:10.555110,599618947234009821,-9.00
2025-12-04 01:52:10.555110,599618947234009821,7.00
2025-12-04 01:52:10.555110,599618947234009821,11.00
2025-12-04 01:52:10.555110,599618947234009821,2.00
2025-12-04 01:52:10.555110,599618947234009821,0.00
2025-12-04 01:52:10.555110,599618947234009821,2.00
2025-12-04 01:52:10.555110,599618947234009821,4.00
2025-12-04 01:52:10.555110,599618947234009821,4.00
2025-12-04 01:52:10.555110,599618947234009821,7.00
2025-12-04 01:52:10.555110,599618947234009821,2.00
2025-12-04 01:52:10.555110,599618947234009821,2.00
2025-12-04 01:52:10.555110,599618947234009821,23.00
2025-12-04 01:52:10.555110,599618947234009821,45.00
2025-12-04 01:52:10.555110,599618947234009821,-11.00
2025-12-04 01:52:10.555110,599618947234009821,-197.00
2025-12-04 01:52:10.555110,599618947234009821,-486.00
2025-12-04 01:52:10.555110,599618947234009821,-777.00
2025-12-04 01:52:10.555110,599618947234009821,-796.00
2025-12-04 01:52:10.555110,599618947234009821,-379.00
2025-12-04 01:52:10.555693,599618947794737380,28.00
2025-12-04 01:52:10.555693,599618947794737380,54.00
2025-12-04 01:52:10.555693,599618947794737380,9.00
2025-12-04 01:52:10.555693,599618947794737380,81.00
2025-12-04 01:52:10.555693,599618947794737380,95.00
2025-12-04 01:52:10.555693,599618947794737380,59.00
2025-12-04 01:52:10.555693,599618947794737380,66.00
2025-12-04 01:52:10.555693,599618947794737380,71.00
2025-12-04 01:52:10.555693,599618947794737380,57.00
2025-12-04 01:52:10.555693,599618947794737380,50.00
2025-12-04 01:52:10.555693,599618947794737380,45.00
2025-12-04 01:52:10.555693,599618947794737380,30.00
2025-12-04 01:52:10.555693,599618947794737380,19.00
2025-12-04 01:52:10.555693,599618947794737380,16.00
2025-12-04 01:52:10.555693,599618947794737380,14.00
2025-12-04 01:52:10.555693,599618947794737380,7.00
2025-12-04 01:52:10.555693,599618947794737380,-2.00
2025-12-04 01:52:10.555693,599618947794737380,-9.00
2025-12-04 01:52:10.555693,599618947794737380,-16.00
2025-12-04 01:52:10.555693,599618947794737380,-28.00
2025-12-04 01:52:10.555693,599618947794737380,-40.00
2025-12-04 01:52:10.555693,599618947794737380,-47.00
2025-12-04 01:52:10.555693,599618947794737380,-57.00
2025-12-04 01:52:10.555693,599618947794737380,-64.00
2025-12-04 01:52:10.555693,599618947794737380,-66.00
2025-12-04 01:52:10.555693,599618947794737380,-69.00
2025-12-04 01:52:10.555693,599618947794737380,-76.00
2025-12-04 01:52:10.555693,599618947794737380,-81.00
2025-12-04 01:52:10.555693,599618947794737380,-73.00
2025-12-04 01:52:10.555693,599618947794737380,-66.00
2025-12-04 01:52:10.555693,599618947794737380,-57.00
2025-12-04 01:52:10.555693,599618947794737380,-47.00
2025-12-04 01:52:10.555693,599618947794737380,-28.00
2025-12-04 01:52:10.555693,599618947794737380,-4.00
2025-12-04 01:52:10.555693,599618947794737380,9.00
2025-12-04 01:52:10.555693,599618947794737380,16.00
2025-12-04 01:52:10.555693,599618947794737380,23.00
2025-12-04 01:52:10.555693,599618947794737380,30.00
2025-12-04 01:52:10.555693,599618947794737380,30.00
2025-12-04 01:52:10.555693,599618947794737380,28.00
2025-12-04 01:52:10.555693,599618947794737380,28.00
2025-12-04 01:52:10.555693,599618947794737380,28.00
2025-12-04 01:52:10.555693,599618947794737380,21.00
2025-12-04 01:52:10.555693,599618947794737380,16.00
2025-12-04 01:52:10.555693,599618947794737380,19.00
2025-12-04 01:52:10.555693,599618947794737380,21.00
2025-12-04 01:52:10.555693,599618947794737380,21.00
2025-12-04 01:52:10.555693,599618947794737380,16.00
2025-12-04 01:52:10.555693,599618947794737380,11.00
2025-12-04 01:52:10.555693,599618947794737380,14.00
2025-12-04 01:52:10.555693,599618947794737380,19.00
2025-12-04 01:52:10.555693,599618947794737380,19.00
2025-12-04 01:52:10.555693,599618947794737380,19.00
2025-12-04 01:52:10.555693,599618947794737380,21.00
2025-12-04 01:52:10.555693,599618947794737380,16.00
2025-12-04 01:52:10.555693,599618947794737380,19.00
2025-12-04 01:52:10.555693,599618947794737380,19.00
2025-12-04 01:52:10.555693,599618947794737380,16.00
2025-12-04 01:52:10.555693,599618947794737380,19.00
2025-12-04 01:52:10.555693,599618947794737380,19.00
2025-12-04 01:52:10.555693,599618947794737380,16.00
2025-12-04 01:52:10.555693,599618947794737380,19.00
2025-12-04 01:52:10.555693,599618947794737380,14.00
2025-12-04 01:52:10.555693,599618947794737380,9.00
2025-12-04 01:52:10.555693,599618947794737380,9.00
2025-12-04 01:52:10.555693,599618947794737380,11.00
2025-12-04 01:52:10.555693,599618947794737380,14.00
2025-12-04 01:52:10.555693,599618947794737380,14.00
2025-12-04 01:52:10.555693,599618947794737380,11.00
2025-12-04 01:52:10.555693,599618947794737380,7.00
2025-12-04 01:52:10.555693,599618947794737380,11.00
2025-12-04 01:52:10.555693,599618947794737380,14.00
2025-12-04 01:52:10.555693,599618947794737380,14.00
2025-12-04 01:52:10.556093,599618948355464939,9.00
2025-12-04 01:52:10.556093,599618948355464939,9.00
2025-12-04 01:52:10.556093,599618948355464939,11.00
2025-12-04 01:52:10.556093,599618948355464939,9.00
2025-12-04 01:52:10.556093,599618948355464939,9.00
2025-12-04 01:52:10.556093,599618948355464939,9.00
2025-12-04 01:52:10.556093,599618948355464939,9.00
2025-12-04 01:52:10.556093,599618948355464939,9.00
2025-12-04 01:52:10.556093,599618948355464939,11.00
2025-12-04 01:52:10.556093,599618948355464939,4.00
2025-12-04 01:52:10.556093,599618948355464939,-4.00
2025-12-04 01:52:10.556093,599618948355464939,-9.00
2025-12-04 01:52:10.556093,599618948355464939,-9.00
2025-12-04 01:52:10.556093,599618948355464939,-11.00
2025-12-04 01:52:10.556093,599618948355464939,-9.00
2025-12-04 01:52:10.556093,599618948355464939,-2.00
2025-12-04 01:52:10.556093,599618948355464939,7.00
2025-12-04 01:52:10.556093,599618948355464939,9.00
2025-12-04 01:52:10.556093,599618948355464939,7.00
2025-12-04 01:52:10.556093,599618948355464939,11.00
2025-12-04 01:52:10.556093,599618948355464939,9.00
2025-12-04 01:52:10.556093,599618948355464939,7.00
2025-12-04 01:52:10.556093,599618948355464939,9.00
2025-12-04 01:52:10.556093,599618948355464939,9.00
2025-12-04 01:52:10.556093,599618948355464939,2.00
2025-12-04 01:52:10.556093,599618948355464939,4.00
2025-12-04 01:52:10.556093,599618948355464939,14.00
2025-12-04 01:52:10.556093,599618948355464939,40.00
2025-12-04 01:52:10.556093,599618948355464939,45.00
2025-12-04 01:52:10.556093,599618948355464939,-57.00
2025-12-04 01:52:10.556093,599618948355464939,-288.00
2025-12-04 01:52:10.556093,599618948355464939,-605.00
2025-12-04 01:52:10.556093,599618948355464939,-851.00
2025-12-04 01:52:10.556093,599618948355464939,-703.00
2025-12-04 01:52:10.556093,599618948355464939,-202.00
2025-12-04 01:52:10.556093,599618948355464939,88.00
2025-12-04 01:52:10.556093,599618948355464939,38.00
2025-12-04 01:52:10.556093,599618948355464939,35.00
2025-12-04 01:52:10.556093,599618948355464939,112.00
2025-12-04 01:52:10.556093,599618948355464939,95.00
2025-12-04 01:52:10.556093,599618948355464939,71.00
2025-12-04 01:52:10.556093,599618948355464939,88.00
2025-12-04 01:52:10.556093,599618948355464939,76.00
2025-12-04 01:52:10.556093,599618948355464939,54.00
2025-12-04 01:52:10.556093,599618948355464939,54.00
2025-12-04 01:52:10.556093,599618948355464939,50.00
2025-12-04 01:52:10.556093,599618948355464939,35.00
2025-12-04 01:52:10.556093,599618948355464939,28.00
2025-12-04 01:52:10.556093,599618948355464939,23.00
2025-12-04 01:52:10.556093,599618948355464939,16.00
2025-12-04 01:52:10.556093,599618948355464939,4.00
2025-12-04 01:52:10.556093,599618948355464939,-4.00
2025-12-04 01:52:10.556093,599618948355464939,-9.00
2025-12-04 01:52:10.556093,599618948355464939,-16.00
2025-12-04 01:52:10.556093,599618948355464939,-26.00
2025-12-04 01:52:10.556093,599618948355464939,-35.00
2025-12-04 01:52:10.556093,599618948355464939,-45.00
2025-12-04 01:52:10.556093,599618948355464939,-52.00
2025-12-04 01:52:10.556093,599618948355464939,-59.00
2025-12-04 01:52:10.556093,599618948355464939,-66.00
2025-12-04 01:52:10.556093,599618948355464939,-66.00
2025-12-04 01:52:10.556093,599618948355464939,-69.00
2025-12-04 01:52:10.556093,599618948355464939,-71.00
2025-12-04 01:52:10.556093,599618948355464939,-71.00
2025-12-04 01:52:10.556093,599618948355464939,-61.00
2025-12-04 01:52:10.556093,599618948355464939,-50.00
2025-12-04 01:52:10.556093,599618948355464939,-40.00
2025-12-04 01:52:10.556093,599618948355464939,-23.00
2025-12-04 01:52:10.556093,599618948355464939,0.00
2025-12-04 01:52:10.556093,599618948355464939,16.00
2025-12-04 01:52:10.556093,599618948355464939,23.00
2025-12-04 01:52:10.556093,599618948355464939,28.00
2025-12-04 01:52:10.556093,599618948355464939,33.00
2025-12-04 01:52:10.556806,599618948916192498,35.00
2025-12-04 01:52:10.556806,599618948916192498,33.00
2025-12-04 01:52:10.556806,599618948916192498,26.00
2025-12-04 01:52:10.556806,599618948916192498,19.00
2025-12-04 01:52:10.556806,599618948916192498,16.00
2025-12-04 01:52:10.556806,599618948916192498,14.00
2025-12-04 01:52:10.556806,599618948916192498,11.00
2025-12-04 01:52:10.556806,599618948916192498,11.00
2025-12-04 01:52:10.556806,599618948916192498,16.00
2025-12-04 01:52:10.556806,599618948916192498,16.00
2025-12-04 01:52:10.556806,599618948916192498,14.00
2025-12-04 01:52:10.556806,599618948916192498,11.00
2025-12-04 01:52:10.556806,599618948916192498,14.00
2025-12-04 01:52:10.556806,599618948916192498,14.00
2025-12-04 01:52:10.556806,599618948916192498,11.00
2025-12-04 01:52:10.556806,599618948916192498,11.00
2025-12-04 01:52:10.556806,599618948916192498,14.00
2025-12-04 01:52:10.556806,599618948916192498,16.00
2025-12-04 01:52:10.556806,599618948916192498,14.00
2025-12-04 01:52:10.556806,599618948916192498,11.00
2025-12-04 01:52:10.556806,599618948916192498,11.00
2025-12-04 01:52:10.556806,599618948916192498,14.00
2025-12-04 01:52:10.556806,599618948916192498,14.00
2025-12-04 01:52:10.556806,599618948916192498,14.00
2025-12-04 01:52:10.556806,599618948916192498,11.00
2025-12-04 01:52:10.556806,599618948916192498,7.00
2025-12-04 01:52:10.556806,599618948916192498,9.00
2025-12-04 01:52:10.556806,599618948916192498,11.00
2025-12-04 01:52:10.556806,599618948916192498,11.00
2025-12-04 01:52:10.556806,599618948916192498,9.00
2025-12-04 01:52:10.556806,599618948916192498,11.00
2025-12-04 01:52:10.556806,599618948916192498,11.00
2025-12-04 01:52:10.556806,599618948916192498,11.00
2025-12-04 01:52:10.556806,599618948916192498,9.00
2025-12-04 01:52:10.556806,599618948916192498,9.00
2025-12-04 01:52:10.556806,599618948916192498,7.00
2025-12-04 01:52:10.556806,599618948916192498,2.00
2025-12-04 01:52:10.556806,599618948916192498,0.00
2025-12-04 01:52:10.556806,599618948916192498,0.00
2025-12-04 01:52:10.556806,599618948916192498,2.00
2025-12-04 01:52:10.556806,599618948916192498,0.00
2025-12-04 01:52:10.556806,599618948916192498,-2.00
2025-12-04 01:52:10.556806,599618948916192498,-2.00
2025-12-04 01:52:10.556806,599618948916192498,0.00
2025-12-04 01:52:10.556806,599618948916192498,-2.00
2025-12-04 01:52:10.556806,599618948916192498,-2.00
2025-12-04 01:52:10.556806,599618948916192498,0.00
2025-12-04 01:52:10.556806,599618948916192498,-7.00
2025-12-04 01:52:10.556806,599618948916192498,-23.00
2025-12-04 01:52:10.556806,599618948916192498,-28.00
2025-12-04 01:52:10.556806,599618948916192498,-21.00
2025-12-04 01:52:10.556806,599618948916192498,-21.00
2025-12-04 01:52:10.556806,599618948916192498,-19.00
2025-12-04 01:52:10.556806,599618948916192498,-9.00
2025-12-04 01:52:10.556806,599618948916192498,0.00
2025-12-04 01:52:10.556806,599618948916192498,0.00
2025-12-04 01:52:10.556806,599618948916192498,-4.00
2025-12-04 01:52:10.556806,599618948916192498,-7.00
2025-12-04 01:52:10.556806,599618948916192498,-4.00
2025-12-04 01:52:10.556806,599618948916192498,-2.00
2025-12-04 01:52:10.556806,599618948916192498,0.00
2025-12-04 01:52:10.556806,599618948916192498,0.00
2025-12-04 01:52:10.556806,599618948916192498,-4.00
2025-12-04 01:52:10.556806,599618948916192498,0.00
2025-12-04 01:52:10.556806,599618948916192498,23.00
2025-12-04 01:52:10.556806,599618948916192498,42.00
2025-12-04 01:52:10.556806,599618948916192498,-23.00
2025-12-04 01:52:10.556806,599618948916192498,-219.00
2025-12-04 01:52:10.556806,599618948916192498,-512.00
2025-12-04 01:52:10.556806,599618948916192498,-798.00
2025-12-04 01:52:10.556806,599618948916192498,-789.00
2025-12-04 01:52:10.556806,599618948916192498,-360.00
2025-12-04 01:52:10.556806,599618948916192498,28.00
2025-12-04 01:52:11.114990,599618949476920059,45.00
2025-12-04 01:52:11.114990,599618949476920059,7.00
2025-12-04 01:52:11.114990,599618949476920059,81.00
2025-12-04 01:52:11.114990,599618949476920059,92.00
2025-12-04 01:52:11.114990,599618949476920059,64.00
2025-12-04 01:52:11.114990,599618949476920059,73.00
2025-12-04 01:52:11.114990,599618949476920059,71.00
2025-12-04 01:52:11.114990,599618949476920059,52.00
2025-12-04 01:52:11.114990,599618949476920059,50.00
2025-12-04 01:52:11.114990,599618949476920059,47.00
2025-12-04 01:52:11.114990,599618949476920059,33.00
2025-12-04 01:52:11.114990,599618949476920059,26.00
2025-12-04 01:52:11.114990,599618949476920059,19.00
2025-12-04 01:52:11.114990,599618949476920059,7.00
2025-12-04 01:52:11.114990,599618949476920059,0.00
2025-12-04 01:52:11.114990,599618949476920059,-2.00
2025-12-04 01:52:11.114990,599618949476920059,-9.00
2025-12-04 01:52:11.114990,599618949476920059,-16.00
2025-12-04 01:52:11.114990,599618949476920059,-19.00
2025-12-04 01:52:11.114990,599618949476920059,-26.00
2025-12-04 01:52:11.114990,599618949476920059,-38.00
2025-12-04 01:52:11.114990,599618949476920059,-47.00
2025-12-04 01:52:11.114990,599618949476920059,-57.00
2025-12-04 01:52:11.114990,599618949476920059,-61.00
2025-12-04 01:52:11.114990,599618949476920059,-66.00
2025-12-04 01:52:11.114990,599618949476920059,-71.00
2025-12-04 01:52:11.114990,599618949476920059,-71.00
2025-12-04 01:52:11.114990,599618949476920059,-71.00
2025-12-04 01:52:11.114990,599618949476920059,-66.00
2025-12-04 01:52:11.114990,599618949476920059,-57.00
2025-12-04 01:52:11.114990,599618949476920059,-47.00
2025-12-04 01:52:11.114990,599618949476920059,-30.00
2025-12-04 01:52:11.114990,599618949476920059,-14.00
2025-12-04 01:52:11.114990,599618949476920059,0.00
2025-12-04 01:52:11.114990,599618949476920059,11.00
2025-12-04 01:52:11.114990,599618949476920059,19.00
2025-12-04 01:52:11.114990,599618949476920059,23.00
2025-12-04 01:52:11.114990,599618949476920059,23.00
2025-12-04 01:52:11.114990,599618949476920059,23.00
2025-12-04 01:52:11.114990,599618949476920059,23.00
2025-12-04 01:52:11.114990,599618949476920059,21.00
2025-12-04 01:52:11.114990,599618949476920059,19.00
2025-12-04 01:52:11.114990,599618949476920059,16.00
2025-12-04 01:52:11.114990,599618949476920059,14.00
2025-12-04 01:52:11.114990,599618949476920059,11.00
2025-12-04 01:52:11.114990,599618949476920059,14.00
2025-12-04 01:52:11.114990,599618949476920059,14.00
2025-12-04 01:52:11.114990,599618949476920059,11.00
2025-12-04 01:52:11.114990,599618949476920059,11.00
2025-12-04 01:52:11.114990,599618949476920059,11.00
2025-12-04 01:52:11.114990,599618949476920059,11.00
2025-12-04 01:52:11.114990,599618949476920059,16.00
2025-12-04 01:52:11.114990,599618949476920059,14.00
2025-12-04 01:52:11.114990,599618949476920059,9.00
2025-12-04 01:52:11.114990,599618949476920059,11.00
2025-12-04 01:52:11.114990,599618949476920059,11.00
2025-12-04 01:52:11.114990,599618949476920059,9.00
2025-12-04 01:52:11.114990,599618949476920059,11.00
2025-12-04 01:52:11.114990,599618949476920059,14.00
2025-12-04 01:52:11.114990,599618949476920059,9.00
2025-12-04 01:52:11.114990,599618949476920059,9.00
2025-12-04 01:52:11.114990,599618949476920059,11.00
2025-12-04 01:52:11.114990,599618949476920059,11.00
2025-12-04 01:52:11.114990,599618949476920059,9.00
2025-12-04 01:52:11.114990,599618949476920059,7.00
2025-12-04 01:52:11.114990,599618949476920059,4.00
2025-12-04 01:52:11.114990,599618949476920059,4.00
2025-12-04 01:52:11.114990,599618949476920059,7.00
2025-12-04 01:52:11.114990,599618949476920059,4.00
2025-12-04 01:52:11.114990,599618949476920059,2.00
2025-12-04 01:52:11.114990,599618949476920059,2.00
2025-12-04 01:52:11.114990,599618949476920059,0.00
2025-12-04 01:52:11.114990,599618949476920059,-2.00
2025-12-04 01:52:11.677289,599618950037647618,-2.00
2025-12-04 01:52:11.677289,599618950037647618,-4.00
2025-12-04 01:52:11.677289,599618950037647618,-2.00
2025-12-04 01:52:11.677289,599618950037647618,-2.00
2025-12-04 01:52:11.677289,599618950037647618,-7.00
2025-12-04 01:52:11.677289,599618950037647618,-7.00
2025-12-04 01:52:11.677289,599618950037647618,-7.00
2025-12-04 01:52:11.677289,599618950037647618,-7.00
2025-12-04 01:52:11.677289,599618950037647618,-4.00
2025-12-04 01:52:11.677289,599618950037647618,-2.00
2025-12-04 01:52:11.677289,599618950037647618,-2.00
2025-12-04 01:52:11.677289,599618950037647618,-9.00
2025-12-04 01:52:11.677289,599618950037647618,-9.00
2025-12-04 01:52:11.677289,599618950037647618,-7.00
2025-12-04 01:52:11.677289,599618950037647618,-4.00
2025-12-04 01:52:11.677289,599618950037647618,-11.00
2025-12-04 01:52:11.677289,599618950037647618,-21.00
2025-12-04 01:52:11.677289,599618950037647618,-26.00
2025-12-04 01:52:11.677289,599618950037647618,-26.00
2025-12-04 01:52:11.677289,599618950037647618,-21.00
2025-12-04 01:52:11.677289,599618950037647618,-19.00
2025-12-04 01:52:11.677289,599618950037647618,-14.00
2025-12-04 01:52:11.677289,599618950037647618,-7.00
2025-12-04 01:52:11.677289,599618950037647618,-2.00
2025-12-04 01:52:11.677289,599618950037647618,-4.00
2025-12-04 01:52:11.677289,599618950037647618,-7.00
2025-12-04 01:52:11.677289,599618950037647618,-7.00
2025-12-04 01:52:11.677289,599618950037647618,-4.00
2025-12-04 01:52:11.677289,599618950037647618,-7.00
2025-12-04 01:52:11.677289,599618950037647618,-7.00
2025-12-04 01:52:11.677289,599618950037647618,-7.00
2025-12-04 01:52:11.677289,599618950037647618,-4.00
2025-12-04 01:52:11.677289,599618950037647618,11.00
2025-12-04 01:52:11.677289,599618950037647618,35.00
2025-12-04 01:52:11.677289,599618950037647618,4.00
2025-12-04 01:52:11.677289,599618950037647618,-147.00
2025-12-04 01:52:11.677289,599618950037647618,-410.00
2025-12-04 01:52:11.677289,599618950037647618,-715.00
2025-12-04 01:52:11.677289,599618950037647618,-836.00
2025-12-04 01:52:11.677289,599618950037647618,-524.00
2025-12-04 01:52:11.677289,599618950037647618,-66.00
2025-12-04 01:52:11.677289,599618950037647618,59.00
2025-12-04 01:52:11.677289,599618950037647618,9.00
2025-12-04 01:52:11.677289,599618950037647618,59.00
2025-12-04 01:52:11.677289,599618950037647618,97.00
2025-12-04 01:52:11.677289,599618950037647618,69.00
2025-12-04 01:52:11.677289,599618950037647618,66.00
2025-12-04 01:52:11.677289,599618950037647618,69.00
2025-12-04 01:52:11.677289,599618950037647618,54.00
2025-12-04 01:52:11.677289,599618950037647618,47.00
2025-12-04 01:52:11.677289,599618950037647618,42.00
2025-12-04 01:52:11.677289,599618950037647618,33.00
2025-12-04 01:52:11.677289,599618950037647618,23.00
2025-12-04 01:52:11.677289,599618950037647618,21.00
2025-12-04 01:52:11.677289,599618950037647618,14.00
2025-12-04 01:52:11.677289,599618950037647618,4.00
2025-12-04 01:52:11.677289,599618950037647618,2.00
2025-12-04 01:52:11.677289,599618950037647618,-4.00
2025-12-04 01:52:11.677289,599618950037647618,-14.00
2025-12-04 01:52:11.677289,599618950037647618,-23.00
2025-12-04 01:52:11.677289,599618950037647618,-33.00
2025-12-04 01:52:11.677289,599618950037647618,-45.00
2025-12-04 01:52:11.677289,599618950037647618,-52.00
2025-12-04 01:52:11.677289,599618950037647618,-59.00
2025-12-04 01:52:11.677289,599618950037647618,-66.00
2025-12-04 01:52:11.677289,599618950037647618,-71.00
2025-12-04 01:52:11.677289,599618950037647618,-73.00
2025-12-04 01:52:11.677289,599618950037647618,-78.00
2025-12-04 01:52:11.677289,599618950037647618,-78.00
2025-12-04 01:52:11.677289,599618950037647618,-73.00
2025-12-04 01:52:11.677289,599618950037647618,-66.00
2025-12-04 01:52:11.677289,599618950037647618,-52.00
2025-12-04 01:52:11.677289,599618950037647618,-38.00
2025-12-04 01:52:12.184498,599618950598375177,-23.00
2025-12-04 01:52:12.184498,599618950598375177,-4.00
2025-12-04 01:52:12.184498,599618950598375177,11.00
2025-12-04 01:52:12.184498,599618950598375177,16.00
2025-12-04 01:52:12.184498,599618950598375177,23.00
2025-12-04 01:52:12.184498,599618950598375177,28.00
2025-12-04 01:52:12.184498,599618950598375177,30.00
2025-12-04 01:52:12.184498,599618950598375177,28.00
2025-12-04 01:52:12.184498,599618950598375177,26.00
2025-12-04 01:52:12.184498,599618950598375177,21.00
2025-12-04 01:52:12.184498,599618950598375177,19.00
2025-12-04 01:52:12.184498,599618950598375177,16.00
2025-12-04 01:52:12.184498,599618950598375177,16.00
2025-12-04 01:52:12.184498,599618950598375177,14.00
2025-12-04 01:52:12.184498,599618950598375177,14.00
2025-12-04 01:52:12.184498,599618950598375177,14.00
2025-12-04 01:52:12.184498,599618950598375177,14.00
2025-12-04 01:52:12.184498,599618950598375177,11.00
2025-12-04 01:52:12.184498,599618950598375177,11.00
2025-12-04 01:52:12.184498,599618950598375177,11.00
2025-12-04 01:52:12.184498,599618950598375177,14.00
2025-12-04 01:52:12.184498,599618950598375177,16.00
2025-12-04 01:52:12.184498,599618950598375177,16.00
2025-12-04 01:52:12.184498,599618950598375177,14.00
2025-12-04 01:52:12.184498,599618950598375177,14.00
2025-12-04 01:52:12.184498,599618950598375177,14.00
2025-12-04 01:52:12.184498,599618950598375177,11.00
2025-12-04 01:52:12.184498,599618950598375177,14.00
2025-12-04 01:52:12.184498,599618950598375177,11.00
2025-12-04 01:52:12.184498,599618950598375177,9.00
2025-12-04 01:52:12.184498,599618950598375177,9.00
2025-12-04 01:52:12.184498,599618950598375177,9.00
2025-12-04 01:52:12.184498,599618950598375177,7.00
2025-12-04 01:52:12.184498,599618950598375177,9.00
2025-12-04 01:52:12.184498,599618950598375177,11.00
2025-12-04 01:52:12.184498,599618950598375177,4.00
2025-12-04 01:52:12.184498,599618950598375177,0.00
2025-12-04 01:52:12.184498,599618950598375177,4.00
2025-12-04 01:52:12.184498,599618950598375177,4.00
2025-12-04 01:52:12.184498,599618950598375177,0.00
2025-12-04 01:52:12.184498,599618950598375177,0.00
2025-12-04 01:52:12.184498,599618950598375177,2.00
2025-12-04 01:52:12.184498,599618950598375177,0.00
2025-12-04 01:52:12.184498,599618950598375177,-2.00
2025-12-04 01:52:12.184498,599618950598375177,-2.00
2025-12-04 01:52:12.184498,599618950598375177,0.00
2025-12-04 01:52:12.184498,599618950598375177,-4.00
2025-12-04 01:52:12.184498,599618950598375177,-7.00
2025-12-04 01:52:12.184498,599618950598375177,-4.00
2025-12-04 01:52:12.184498,599618950598375177,0.00
2025-12-04 01:52:12.184498,599618950598375177,-2.00
2025-12-04 01:52:12.184498,599618950598375177,-4.00
2025-12-04 01:52:12.184498,599618950598375177,-7.00
2025-12-04 01:52:12.184498,599618950598375177,-7.00
2025-12-04 01:52:12.184498,599618950598375177,-4.00
2025-12-04 01:52:12.184498,599618950598375177,-14.00
2025-12-04 01:52:12.184498,599618950598375177,-26.00
2025-12-04 01:52:12.184498,599618950598375177,-28.00
2025-12-04 01:52:12.184498,599618950598375177,-26.00
2025-12-04 01:52:12.184498,599618950598375177,-26.00
2025-12-04 01:52:12.184498,599618950598375177,-21.00
2025-12-04 01:52:12.184498,599618950598375177,-14.00
2025-12-04 01:52:12.184498,599618950598375177,-7.00
2025-12-04 01:52:12.184498,599618950598375177,-4.00
2025-12-04 01:52:12.184498,599618950598375177,-2.00
2025-12-04 01:52:12.184498,599618950598375177,-2.00
2025-12-04 01:52:12.184498,599618950598375177,-4.00
2025-12-04 01:52:12.184498,599618950598375177,-2.00
2025-12-04 01:52:12.184498,599618950598375177,2.00
2025-12-04 01:52:12.184498,599618950598375177,0.00
2025-12-04 01:52:12.184498,599618950598375177,-4.00
2025-12-04 01:52:12.184498,599618950598375177,-2.00
2025-12-04 01:52:12.184498,599618950598375177,14.00
2025-12-04 01:52:12.741071,599618951159102736,40.00
2025-12-04 01:52:12.741071,599618951159102736,9.00
2025-12-04 01:52:12.741071,599618951159102736,-150.00
2025-12-04 01:52:12.741071,599618951159102736,-431.00
2025-12-04 01:52:12.741071,599618951159102736,-746.00
2025-12-04 01:52:12.741071,599618951159102736,-839.00
2025-12-04 01:52:12.741071,599618951159102736,-484.00
2025-12-04 01:52:12.741071,599618951159102736,-21.00
2025-12-04 01:52:12.741071,599618951159102736,71.00
2025-12-04 01:52:12.741071,599618951159102736,7.00
2025-12-04 01:52:12.741071,599618951159102736,61.00
2025-12-04 01:52:12.741071,599618951159102736,100.00
2025-12-04 01:52:12.741071,599618951159102736,69.00
2025-12-04 01:52:12.741071,599618951159102736,69.00
2025-12-04 01:52:12.741071,599618951159102736,76.00
2025-12-04 01:52:12.741071,599618951159102736,57.00
2025-12-04 01:52:12.741071,599618951159102736,42.00
2025-12-04 01:52:12.741071,599618951159102736,42.00
2025-12-04 01:52:12.741071,599618951159102736,38.00
2025-12-04 01:52:12.741071,599618951159102736,28.00
2025-12-04 01:52:12.741071,599618951159102736,16.00
2025-12-04 01:52:12.741071,599618951159102736,9.00
2025-12-04 01:52:12.741071,599618951159102736,4.00
2025-12-04 01:52:12.741071,599618951159102736,0.00
2025-12-04 01:52:12.741071,599618951159102736,-7.00
2025-12-04 01:52:12.741071,599618951159102736,-19.00
2025-12-04 01:52:12.741071,599618951159102736,-30.00
2025-12-04 01:52:12.741071,599618951159102736,-40.00
2025-12-04 01:52:12.741071,599618951159102736,-47.00
2025-12-04 01:52:12.741071,599618951159102736,-57.00
2025-12-04 01:52:12.741071,599618951159102736,-71.00
2025-12-04 01:52:12.741071,599618951159102736,-76.00
2025-12-04 01:52:12.741071,599618951159102736,-76.00
2025-12-04 01:52:12.741071,599618951159102736,-83.00
2025-12-04 01:52:12.741071,599618951159102736,-88.00
2025-12-04 01:52:12.741071,599618951159102736,-81.00
2025-12-04 01:52:12.741071,599618951159102736,-78.00
2025-12-04 01:52:12.741071,599618951159102736,-83.00
2025-12-04 01:52:12.741071,599618951159102736,-69.00
2025-12-04 01:52:12.741071,599618951159102736,-40.00
2025-12-04 01:52:12.741071,599618951159102736,-21.00
2025-12-04 01:52:12.741071,599618951159102736,-7.00
2025-12-04 01:52:12.741071,599618951159102736,11.00
2025-12-04 01:52:12.741071,599618951159102736,23.00
2025-12-04 01:52:12.741071,599618951159102736,26.00
2025-12-04 01:52:12.741071,599618951159102736,26.00
2025-12-04 01:52:12.741071,599618951159102736,21.00
2025-12-04 01:52:12.741071,599618951159102736,19.00
2025-12-04 01:52:12.741071,599618951159102736,19.00
2025-12-04 01:52:12.741071,599618951159102736,14.00
2025-12-04 01:52:12.741071,599618951159102736,11.00
2025-12-04 01:52:12.741071,599618951159102736,11.00
2025-12-04 01:52:12.741071,599618951159102736,9.00
2025-12-04 01:52:12.741071,599618951159102736,4.00
2025-12-04 01:52:12.741071,599618951159102736,2.00
2025-12-04 01:52:12.741071,599618951159102736,7.00
2025-12-04 01:52:12.741071,599618951159102736,9.00
2025-12-04 01:52:12.741071,599618951159102736,11.00
2025-12-04 01:52:12.741071,599618951159102736,14.00
2025-12-04 01:52:12.741071,599618951159102736,21.00
2025-12-04 01:52:12.741071,599618951159102736,16.00
2025-12-04 01:52:12.741071,599618951159102736,9.00
2025-12-04 01:52:12.741071,599618951159102736,16.00
2025-12-04 01:52:12.741071,599618951159102736,26.00
2025-12-04 01:52:12.741071,599618951159102736,21.00
2025-12-04 01:52:12.741071,599618951159102736,16.00
2025-12-04 01:52:12.741071,599618951159102736,19.00
2025-12-04 01:52:12.741071,599618951159102736,16.00
2025-12-04 01:52:12.741071,599618951159102736,11.00
2025-12-04 01:52:12.741071,599618951159102736,11.00
2025-12-04 01:52:12.741071,599618951159102736,14.00
2025-12-04 01:52:12.741071,599618951159102736,7.00
2025-12-04 01:52:12.741071,599618951159102736,7.00
2025-12-04 01:52:13.353557,599618951719830295,7.00
2025-12-04 01:52:13.353557,599618951719830295,4.00
2025-12-04 01:52:13.353557,599618951719830295,7.00
2025-12-04 01:52:13.353557,599618951719830295,9.00
2025-12-04 01:52:13.353557,599618951719830295,7.00
2025-12-04 01:52:13.353557,599618951719830295,0.00
2025-12-04 01:52:13.353557,599618951719830295,0.00
2025-12-04 01:52:13.353557,599618951719830295,4.00
2025-12-04 01:52:13.353557,599618951719830295,7.00
2025-12-04 01:52:13.353557,599618951719830295,4.00
2025-12-04 01:52:13.353557,599618951719830295,0.00
2025-12-04 01:52:13.353557,599618951719830295,0.00
2025-12-04 01:52:13.353557,599618951719830295,-2.00
2025-12-04 01:52:13.353557,599618951719830295,-2.00
2025-12-04 01:52:13.353557,599618951719830295,0.00
2025-12-04 01:52:13.353557,599618951719830295,-2.00
2025-12-04 01:52:13.353557,599618951719830295,-9.00
2025-12-04 01:52:13.353557,599618951719830295,-19.00
2025-12-04 01:52:13.353557,599618951719830295,-23.00
2025-12-04 01:52:13.353557,599618951719830295,-23.00
2025-12-04 01:52:13.353557,599618951719830295,-21.00
2025-12-04 01:52:13.353557,599618951719830295,-16.00
2025-12-04 01:52:13.353557,599618951719830295,-7.00
2025-12-04 01:52:13.353557,599618951719830295,2.00
2025-12-04 01:52:13.353557,599618951719830295,4.00
2025-12-04 01:52:13.353557,599618951719830295,0.00
2025-12-04 01:52:13.353557,599618951719830295,-4.00
2025-12-04 01:52:13.353557,599618951719830295,-2.00
2025-12-04 01:52:13.353557,599618951719830295,4.00
2025-12-04 01:52:13.353557,599618951719830295,4.00
2025-12-04 01:52:13.353557,599618951719830295,-2.00
2025-12-04 01:52:13.353557,599618951719830295,-2.00
2025-12-04 01:52:13.353557,599618951719830295,0.00
2025-12-04 01:52:13.353557,599618951719830295,19.00
2025-12-04 01:52:13.353557,599618951719830295,42.00
2025-12-04 01:52:13.353557,599618951719830295,-16.00
2025-12-04 01:52:13.353557,599618951719830295,-214.00
2025-12-04 01:52:13.353557,599618951719830295,-515.00
2025-12-04 01:52:13.353557,599618951719830295,-808.00
2025-12-04 01:52:13.353557,599618951719830295,-810.00
2025-12-04 01:52:13.353557,599618951719830295,-374.00
2025-12-04 01:52:13.353557,599618951719830295,38.00
2025-12-04 01:52:13.353557,599618951719830295,59.00
2025-12-04 01:52:13.353557,599618951719830295,14.00
2025-12-04 01:52:13.353557,599618951719830295,85.00
2025-12-04 01:52:13.353557,599618951719830295,100.00
2025-12-04 01:52:13.353557,599618951719830295,69.00
2025-12-04 01:52:13.353557,599618951719830295,81.00
2025-12-04 01:52:13.353557,599618951719830295,83.00
2025-12-04 01:52:13.353557,599618951719830295,66.00
2025-12-04 01:52:13.353557,599618951719830295,59.00
2025-12-04 01:52:13.353557,599618951719830295,57.00
2025-12-04 01:52:13.353557,599618951719830295,47.00
2025-12-04 01:52:13.353557,599618951719830295,35.00
2025-12-04 01:52:13.353557,599618951719830295,26.00
2025-12-04 01:52:13.353557,599618951719830295,19.00
2025-12-04 01:52:13.353557,599618951719830295,16.00
2025-12-04 01:52:13.353557,599618951719830295,9.00
2025-12-04 01:52:13.353557,599618951719830295,-2.00
2025-12-04 01:52:13.353557,599618951719830295,-9.00
2025-12-04 01:52:13.353557,599618951719830295,-16.00
2025-12-04 01:52:13.353557,599618951719830295,-30.00
2025-12-04 01:52:13.353557,599618951719830295,-40.00
2025-12-04 01:52:13.353557,599618951719830295,-50.00
2025-12-04 01:52:13.353557,599618951719830295,-54.00
2025-12-04 01:52:13.353557,599618951719830295,-59.00
2025-12-04 01:52:13.353557,599618951719830295,-66.00
2025-12-04 01:52:13.353557,599618951719830295,-71.00
2025-12-04 01:52:13.353557,599618951719830295,-71.00
2025-12-04 01:52:13.353557,599618951719830295,-66.00
2025-12-04 01:52:13.353557,599618951719830295,-59.00
2025-12-04 01:52:13.353557,599618951719830295,-50.00
2025-12-04 01:52:13.353557,599618951719830295,-35.00
2025-12-04 01:52:13.860491,599618952280588372,-19.00
2025-12-04 01:52:13.860491,599618952280588372,0.00
2025-12-04 01:52:13.860491,599618952280588372,19.00
2025-12-04 01:52:13.860491,599618952280588372,30.00
2025-12-04 01:52:13.860491,599618952280588372,38.00
2025-12-04 01:52:13.860491,599618952280588372,47.00
2025-12-04 01:52:13.860491,599618952280588372,50.00
2025-12-04 01:52:13.860491,599618952280588372,45.00
2025-12-04 01:52:13.860491,599618952280588372,40.00
2025-12-04 01:52:13.860491,599618952280588372,33.00
2025-12-04 01:52:13.860491,599618952280588372,33.00
2025-12-04 01:52:13.860491,599618952280588372,33.00
2025-12-04 01:52:13.860491,599618952280588372,28.00
2025-12-04 01:52:13.860491,599618952280588372,28.00
2025-12-04 01:52:13.860491,599618952280588372,28.00
2025-12-04 01:52:13.860491,599618952280588372,30.00
2025-12-04 01:52:13.860491,599618952280588372,30.00
2025-12-04 01:52:13.860491,599618952280588372,33.00
2025-12-04 01:52:13.860491,599618952280588372,30.00
2025-12-04 01:52:13.860491,599618952280588372,28.00
2025-12-04 01:52:13.860491,599618952280588372,28.00
2025-12-04 01:52:13.860491,599618952280588372,28.00
2025-12-04 01:52:13.860491,599618952280588372,28.00
2025-12-04 01:52:13.860491,599618952280588372,30.00
2025-12-04 01:52:13.860491,599618952280588372,33.00
2025-12-04 01:52:13.860491,599618952280588372,33.00
2025-12-04 01:52:13.860491,599618952280588372,33.00
2025-12-04 01:52:13.860491,599618952280588372,28.00
2025-12-04 01:52:13.860491,599618952280588372,23.00
2025-12-04 01:52:13.860491,599618952280588372,26.00
2025-12-04 01:52:13.860491,599618952280588372,28.00
2025-12-04 01:52:13.860491,599618952280588372,26.00
2025-12-04 01:52:13.860491,599618952280588372,23.00
2025-12-04 01:52:13.860491,599618952280588372,21.00
2025-12-04 01:52:13.860491,599618952280588372,21.00
2025-12-04 01:52:13.860491,599618952280588372,19.00
2025-12-04 01:52:13.860491,599618952280588372,19.00
2025-12-04 01:52:13.860491,599618952280588372,19.00
2025-12-04 01:52:13.860491,599618952280588372,21.00
2025-12-04 01:52:13.860491,599618952280588372,21.00
2025-12-04 01:52:13.860491,599618952280588372,19.00
2025-12-04 01:52:13.860491,599618952280588372,19.00
2025-12-04 01:52:13.860491,599618952280588372,19.00
2025-12-04 01:52:13.860491,599618952280588372,19.00
2025-12-04 01:52:13.860491,599618952280588372,19.00
2025-12-04 01:52:13.860491,599618952280588372,19.00
2025-12-04 01:52:13.860491,599618952280588372,19.00
2025-12-04 01:52:13.860491,599618952280588372,16.00
2025-12-04 01:52:13.860491,599618952280588372,14.00
2025-12-04 01:52:13.860491,599618952280588372,16.00
2025-12-04 01:52:13.860491,599618952280588372,16.00
2025-12-04 01:52:13.860491,599618952280588372,9.00
2025-12-04 01:52:13.860491,599618952280588372,2.00
2025-12-04 01:52:13.860491,599618952280588372,-4.00
2025-12-04 01:52:13.860491,599618952280588372,-7.00
2025-12-04 01:52:13.860491,599618952280588372,-4.00
2025-12-04 01:52:13.860491,599618952280588372,0.00
2025-12-04 01:52:13.860491,599618952280588372,0.00
2025-12-04 01:52:13.860491,599618952280588372,7.00
2025-12-04 01:52:13.860491,599618952280588372,16.00
2025-12-04 01:52:13.860491,599618952280588372,16.00
2025-12-04 01:52:13.860491,599618952280588372,14.00
2025-12-04 01:52:13.860491,599618952280588372,14.00
2025-12-04 01:52:13.860491,599618952280588372,11.00
2025-12-04 01:52:13.860491,599618952280588372,14.00
2025-12-04 01:52:13.860491,599618952280588372,14.00
2025-12-04 01:52:13.860491,599618952280588372,9.00
2025-12-04 01:52:13.860491,599618952280588372,11.00
2025-12-04 01:52:13.860491,599618952280588372,26.00
2025-12-04 01:52:13.860491,599618952280588372,54.00
2025-12-04 01:52:13.860491,599618952280588372,23.00
2025-12-04 01:52:13.860491,599618952280588372,-140.00
2025-12-04 01:52:13.860491,599618952280588372,-412.00
2025-12-04 01:52:14.467677,599618952841315933,-722.00
2025-12-04 01:52:14.467677,599618952841315933,-825.00
2025-12-04 01:52:14.467677,599618952841315933,-484.00
2025-12-04 01:52:14.467677,599618952841315933,-26.00
2025-12-04 01:52:14.467677,599618952841315933,81.00
2025-12-04 01:52:14.467677,599618952841315933,28.00
2025-12-04 01:52:14.467677,599618952841315933,83.00
2025-12-04 01:52:14.467677,599618952841315933,116.00
2025-12-04 01:52:14.467677,599618952841315933,88.00
2025-12-04 01:52:14.467677,599618952841315933,90.00
2025-12-04 01:52:14.467677,599618952841315933,97.00
2025-12-04 01:52:14.467677,599618952841315933,78.00
2025-12-04 01:52:14.467677,599618952841315933,69.00
2025-12-04 01:52:14.467677,599618952841315933,66.00
2025-12-04 01:52:14.467677,599618952841315933,54.00
2025-12-04 01:52:14.467677,599618952841315933,45.00
2025-12-04 01:52:14.467677,599618952841315933,40.00
2025-12-04 01:52:14.467677,599618952841315933,33.00
2025-12-04 01:52:14.467677,599618952841315933,26.00
2025-12-04 01:52:14.467677,599618952841315933,21.00
2025-12-04 01:52:14.467677,599618952841315933,9.00
2025-12-04 01:52:14.467677,599618952841315933,0.00
2025-12-04 01:52:14.467677,599618952841315933,-2.00
2025-12-04 01:52:14.467677,599618952841315933,-11.00
2025-12-04 01:52:14.467677,599618952841315933,-23.00
2025-12-04 01:52:14.467677,599618952841315933,-33.00
2025-12-04 01:52:14.467677,599618952841315933,-42.00
2025-12-04 01:52:14.467677,599618952841315933,-47.00
2025-12-04 01:52:14.467677,599618952841315933,-47.00
2025-12-04 01:52:14.467677,599618952841315933,-54.00
2025-12-04 01:52:14.467677,599618952841315933,-59.00
2025-12-04 01:52:14.467677,599618952841315933,-57.00
2025-12-04 01:52:14.467677,599618952841315933,-52.00
2025-12-04 01:52:14.467677,599618952841315933,-50.00
2025-12-04 01:52:14.467677,599618952841315933,-35.00
2025-12-04 01:52:14.467677,599618952841315933,-16.00
2025-12-04 01:52:14.467677,599618952841315933,-4.00
2025-12-04 01:52:14.467677,599618952841315933,11.00
2025-12-04 01:52:14.467677,599618952841315933,33.00
2025-12-04 01:52:14.467677,599618952841315933,42.00
2025-12-04 01:52:14.467677,599618952841315933,45.00
2025-12-04 01:52:14.467677,599618952841315933,42.00
2025-12-04 01:52:14.467677,599618952841315933,42.00
2025-12-04 01:52:14.467677,599618952841315933,40.00
2025-12-04 01:52:14.467677,599618952841315933,38.00
2025-12-04 01:52:14.467677,599618952841315933,35.00
2025-12-04 01:52:14.467677,599618952841315933,30.00
2025-12-04 01:52:14.467677,599618952841315933,28.00
2025-12-04 01:52:14.467677,599618952841315933,28.00
2025-12-04 01:52:14.467677,599618952841315933,28.00
2025-12-04 01:52:14.467677,599618952841315933,21.00
2025-12-04 01:52:14.467677,599618952841315933,21.00
2025-12-04 01:52:14.467677,599618952841315933,23.00
2025-12-04 01:52:14.467677,599618952841315933,26.00
2025-12-04 01:52:14.467677,599618952841315933,28.00
2025-12-04 01:52:14.467677,599618952841315933,26.00
2025-12-04 01:52:14.467677,599618952841315933,26.00
2025-12-04 01:52:14.467677,599618952841315933,30.00
2025-12-04 01:52:14.467677,599618952841315933,30.00
2025-12-04 01:52:14.467677,599618952841315933,23.00
2025-12-04 01:52:14.467677,599618952841315933,26.00
2025-12-04 01:52:14.467677,599618952841315933,28.00
2025-12-04 01:52:14.467677,599618952841315933,26.00
2025-12-04 01:52:14.467677,599618952841315933,23.00
2025-12-04 01:52:14.467677,599618952841315933,23.00
2025-12-04 01:52:14.467677,599618952841315933,23.00
2025-12-04 01:52:14.467677,599618952841315933,21.00
2025-12-04 01:52:14.467677,599618952841315933,16.00
2025-12-04 01:52:14.467677,599618952841315933,16.00
2025-12-04 01:52:14.467677,599618952841315933,19.00
2025-12-04 01:52:14.467677,599618952841315933,16.00
2025-12-04 01:52:14.467677,599618952841315933,14.00
2025-12-04 01:52:14.467677,599618952841315933,14.00
2025-12-04 01:52:15.087551,599618953402043492,14.00
2025-12-04 01:52:15.087551,599618953402043492,9.00
2025-12-04 01:52:15.087551,599618953402043492,9.00
2025-12-04 01:52:15.087551,599618953402043492,11.00
2025-12-04 01:52:15.087551,599618953402043492,7.00
2025-12-04 01:52:15.087551,599618953402043492,4.00
2025-12-04 01:52:15.087551,599618953402043492,9.00
2025-12-04 01:52:15.087551,599618953402043492,7.00
2025-12-04 01:52:15.087551,599618953402043492,4.00
2025-12-04 01:52:15.087551,599618953402043492,7.00
2025-12-04 01:52:15.087551,599618953402043492,11.00
2025-12-04 01:52:15.087551,599618953402043492,9.00
2025-12-04 01:52:15.087551,599618953402043492,0.00
2025-12-04 01:52:15.087551,599618953402043492,-7.00
2025-12-04 01:52:15.087551,599618953402043492,-14.00
2025-12-04 01:52:15.087551,599618953402043492,-16.00
2025-12-04 01:52:15.087551,599618953402043492,-11.00
2025-12-04 01:52:15.087551,599618953402043492,-7.00
2025-12-04 01:52:15.087551,599618953402043492,-4.00
2025-12-04 01:52:15.087551,599618953402043492,2.00
2025-12-04 01:52:15.087551,599618953402043492,9.00
2025-12-04 01:52:15.087551,599618953402043492,9.00
2025-12-04 01:52:15.087551,599618953402043492,4.00
2025-12-04 01:52:15.087551,599618953402043492,4.00
2025-12-04 01:52:15.087551,599618953402043492,4.00
2025-12-04 01:52:15.087551,599618953402043492,4.00
2025-12-04 01:52:15.087551,599618953402043492,4.00
2025-12-04 01:52:15.087551,599618953402043492,7.00
2025-12-04 01:52:15.087551,599618953402043492,7.00
2025-12-04 01:52:15.087551,599618953402043492,21.00
2025-12-04 01:52:15.087551,599618953402043492,52.00
2025-12-04 01:52:15.087551,599618953402043492,28.00
2025-12-04 01:52:15.087551,599618953402043492,-119.00
2025-12-04 01:52:15.087551,599618953402043492,-374.00
2025-12-04 01:52:15.087551,599618953402043492,-677.00
2025-12-04 01:52:15.087551,599618953402043492,-815.00
2025-12-04 01:52:15.087551,599618953402043492,-524.00
2025-12-04 01:52:15.087551,599618953402043492,-59.00
2025-12-04 01:52:15.087551,599618953402043492,81.00
2025-12-04 01:52:15.087551,599618953402043492,23.00
2025-12-04 01:52:15.087551,599618953402043492,73.00
2025-12-04 01:52:15.087551,599618953402043492,119.00
2025-12-04 01:52:15.087551,599618953402043492,85.00
2025-12-04 01:52:15.087551,599618953402043492,76.00
2025-12-04 01:52:15.087551,599618953402043492,88.00
2025-12-04 01:52:15.087551,599618953402043492,71.00
2025-12-04 01:52:15.087551,599618953402043492,57.00
2025-12-04 01:52:15.087551,599618953402043492,57.00
2025-12-04 01:52:15.087551,599618953402043492,50.00
2025-12-04 01:52:15.087551,599618953402043492,40.00
2025-12-04 01:52:15.087551,599618953402043492,33.00
2025-12-04 01:52:15.087551,599618953402043492,26.00
2025-12-04 01:52:15.087551,599618953402043492,19.00
2025-12-04 01:52:15.087551,599618953402043492,14.00
2025-12-04 01:52:15.087551,599618953402043492,7.00
2025-12-04 01:52:15.087551,599618953402043492,-2.00
2025-12-04 01:52:15.087551,599618953402043492,-9.00
2025-12-04 01:52:15.087551,599618953402043492,-19.00
2025-12-04 01:52:15.087551,599618953402043492,-30.00
2025-12-04 01:52:15.087551,599618953402043492,-40.00
2025-12-04 01:52:15.087551,599618953402043492,-45.00
2025-12-04 01:52:15.087551,599618953402043492,-52.00
2025-12-04 01:52:15.087551,599618953402043492,-57.00
2025-12-04 01:52:15.087551,599618953402043492,-61.00
2025-12-04 01:52:15.087551,599618953402043492,-64.00
2025-12-04 01:52:15.087551,599618953402043492,-59.00
2025-12-04 01:52:15.087551,599618953402043492,-57.00
2025-12-04 01:52:15.087551,599618953402043492,-52.00
2025-12-04 01:52:15.087551,599618953402043492,-38.00
2025-12-04 01:52:15.087551,599618953402043492,-23.00
2025-12-04 01:52:15.087551,599618953402043492,-11.00
2025-12-04 01:52:15.087551,599618953402043492,4.00
2025-12-04 01:52:15.087551,599618953402043492,21.00
2025-12-04 01:52:15.548369,599618953962771051,30.00
2025-12-04 01:52:15.548369,599618953962771051,35.00
2025-12-04 01:52:15.548369,599618953962771051,38.00
2025-12-04 01:52:15.548369,599618953962771051,35.00
2025-12-04 01:52:15.548369,599618953962771051,35.00
2025-12-04 01:52:15.548369,599618953962771051,35.00
2025-12-04 01:52:15.548369,599618953962771051,33.00
2025-12-04 01:52:15.548369,599618953962771051,28.00
2025-12-04 01:52:15.548369,599618953962771051,26.00
2025-12-04 01:52:15.548369,599618953962771051,28.00
2025-12-04 01:52:15.548369,599618953962771051,33.00
2025-12-04 01:52:15.548369,599618953962771051,33.00
2025-12-04 01:52:15.548369,599618953962771051,28.00
2025-12-04 01:52:15.548369,599618953962771051,28.00
2025-12-04 01:52:15.548369,599618953962771051,30.00
2025-12-04 01:52:15.548369,599618953962771051,33.00
2025-12-04 01:52:15.548369,599618953962771051,28.00
2025-12-04 01:52:15.548369,599618953962771051,26.00
2025-12-04 01:52:15.548369,599618953962771051,28.00
2025-12-04 01:52:15.548369,599618953962771051,30.00
2025-12-04 01:52:15.548369,599618953962771051,30.00
2025-12-04 01:52:15.548369,599618953962771051,26.00
2025-12-04 01:52:15.548369,599618953962771051,26.00
2025-12-04 01:52:15.548369,599618953962771051,26.00
2025-12-04 01:52:15.548369,599618953962771051,28.00
2025-12-04 01:52:15.548369,599618953962771051,30.00
2025-12-04 01:52:15.548369,599618953962771051,26.00
2025-12-04 01:52:15.548369,599618953962771051,23.00
2025-12-04 01:52:15.548369,599618953962771051,23.00
2025-12-04 01:52:15.548369,599618953962771051,26.00
2025-12-04 01:52:15.548369,599618953962771051,26.00
2025-12-04 01:52:15.548369,599618953962771051,23.00
2025-12-04 01:52:15.548369,599618953962771051,19.00
2025-12-04 01:52:15.548369,599618953962771051,19.00
2025-12-04 01:52:15.548369,599618953962771051,21.00
2025-12-04 01:52:15.548369,599618953962771051,21.00
2025-12-04 01:52:15.548369,599618953962771051,16.00
2025-12-04 01:52:15.548369,599618953962771051,16.00
2025-12-04 01:52:15.548369,599618953962771051,19.00
2025-12-04 01:52:15.548369,599618953962771051,14.00
2025-12-04 01:52:15.548369,599618953962771051,11.00
2025-12-04 01:52:15.548369,599618953962771051,11.00
2025-12-04 01:52:15.548369,599618953962771051,14.00
2025-12-04 01:52:15.548369,599618953962771051,14.00
2025-12-04 01:52:15.548369,599618953962771051,11.00
2025-12-04 01:52:15.548369,599618953962771051,4.00
2025-12-04 01:52:15.548369,599618953962771051,-4.00
2025-12-04 01:52:15.548369,599618953962771051,-11.00
2025-12-04 01:52:15.548369,599618953962771051,-11.00
2025-12-04 01:52:15.548369,599618953962771051,-9.00
2025-12-04 01:52:15.548369,599618953962771051,-7.00
2025-12-04 01:52:15.548369,599618953962771051,0.00
2025-12-04 01:52:15.548369,599618953962771051,9.00
2025-12-04 01:52:15.548369,599618953962771051,11.00
2025-12-04 01:52:15.548369,599618953962771051,9.00
2025-12-04 01:52:15.548369,599618953962771051,9.00
2025-12-04 01:52:15.548369,599618953962771051,9.00
2025-12-04 01:52:15.548369,599618953962771051,9.00
2025-12-04 01:52:15.548369,599618953962771051,7.00
2025-12-04 01:52:15.548369,599618953962771051,4.00
2025-12-04 01:52:15.548369,599618953962771051,4.00
2025-12-04 01:52:15.548369,599618953962771051,9.00
2025-12-04 01:52:15.548369,599618953962771051,23.00
2025-12-04 01:52:15.548369,599618953962771051,42.00
2025-12-04 01:52:15.548369,599618953962771051,-21.00
2025-12-04 01:52:15.548369,599618953962771051,-224.00
2025-12-04 01:52:15.548369,599618953962771051,-529.00
2025-12-04 01:52:15.548369,599618953962771051,-815.00
2025-12-04 01:52:15.548369,599618953962771051,-779.00
2025-12-04 01:52:15.548369,599618953962771051,-321.00
2025-12-04 01:52:15.548369,599618953962771051,54.00
2025-12-04 01:52:15.548369,599618953962771051,42.00
2025-12-04 01:52:15.548369,599618953962771051,9.00
2025-12-04 01:52:16.157774,599618954523498610,90.00
2025-12-04 01:52:16.157774,599618954523498610,92.00
2025-12-04 01:52:16.157774,599618954523498610,59.00
2025-12-04 01:52:16.157774,599618954523498610,78.00
2025-12-04 01:52:16.157774,599618954523498610,73.00
2025-12-04 01:52:16.157774,599618954523498610,45.00
2025-12-04 01:52:16.157774,599618954523498610,47.00
2025-12-04 01:52:16.157774,599618954523498610,54.00
2025-12-04 01:52:16.157774,599618954523498610,35.00
2025-12-04 01:52:16.157774,599618954523498610,21.00
2025-12-04 01:52:16.157774,599618954523498610,21.00
2025-12-04 01:52:16.157774,599618954523498610,9.00
2025-12-04 01:52:16.157774,599618954523498610,0.00
2025-12-04 01:52:16.157774,599618954523498610,2.00
2025-12-04 01:52:16.157774,599618954523498610,-4.00
2025-12-04 01:52:16.157774,599618954523498610,-19.00
2025-12-04 01:52:16.157774,599618954523498610,-26.00
2025-12-04 01:52:16.157774,599618954523498610,-33.00
2025-12-04 01:52:16.157774,599618954523498610,-47.00
2025-12-04 01:52:16.157774,599618954523498610,-59.00
2025-12-04 01:52:16.157774,599618954523498610,-69.00
2025-12-04 01:52:16.157774,599618954523498610,-73.00
2025-12-04 01:52:16.157774,599618954523498610,-76.00
2025-12-04 01:52:16.157774,599618954523498610,-76.00
2025-12-04 01:52:16.157774,599618954523498610,-76.00
2025-12-04 01:52:16.157774,599618954523498610,-78.00
2025-12-04 01:52:16.157774,599618954523498610,-76.00
2025-12-04 01:52:16.157774,599618954523498610,-66.00
2025-12-04 01:52:16.157774,599618954523498610,-50.00
2025-12-04 01:52:16.157774,599618954523498610,-30.00
2025-12-04 01:52:16.157774,599618954523498610,-14.00
2025-12-04 01:52:16.157774,599618954523498610,2.00
2025-12-04 01:52:16.157774,599618954523498610,14.00
2025-12-04 01:52:16.157774,599618954523498610,19.00
2025-12-04 01:52:16.157774,599618954523498610,23.00
2025-12-04 01:52:16.157774,599618954523498610,26.00
2025-12-04 01:52:16.157774,599618954523498610,26.00
2025-12-04 01:52:16.157774,599618954523498610,23.00
2025-12-04 01:52:16.157774,599618954523498610,21.00
2025-12-04 01:52:16.157774,599618954523498610,19.00
2025-12-04 01:52:16.157774,599618954523498610,14.00
2025-12-04 01:52:16.157774,599618954523498610,9.00
2025-12-04 01:52:16.157774,599618954523498610,9.00
2025-12-04 01:52:16.157774,599618954523498610,9.00
2025-12-04 01:52:16.157774,599618954523498610,9.00
2025-12-04 01:52:16.157774,599618954523498610,11.00
2025-12-04 01:52:16.157774,599618954523498610,11.00
2025-12-04 01:52:16.157774,599618954523498610,11.00
2025-12-04 01:52:16.157774,599618954523498610,11.00
2025-12-04 01:52:16.157774,599618954523498610,11.00
2025-12-04 01:52:16.157774,599618954523498610,14.00
2025-12-04 01:52:16.157774,599618954523498610,14.00
2025-12-04 01:52:16.157774,599618954523498610,11.00
2025-12-04 01:52:16.157774,599618954523498610,9.00
2025-12-04 01:52:16.157774,599618954523498610,9.00
2025-12-04 01:52:16.157774,599618954523498610,9.00
2025-12-04 01:52:16.157774,599618954523498610,7.00
2025-12-04 01:52:16.157774,599618954523498610,7.00
2025-12-04 01:52:16.157774,599618954523498610,4.00
2025-12-04 01:52:16.157774,599618954523498610,4.00
2025-12-04 01:52:16.157774,599618954523498610,4.00
2025-12-04 01:52:16.157774,599618954523498610,7.00
2025-12-04 01:52:16.157774,599618954523498610,7.00
2025-12-04 01:52:16.157774,599618954523498610,7.00
2025-12-04 01:52:16.157774,599618954523498610,7.00
2025-12-04 01:52:16.157774,599618954523498610,7.00
2025-12-04 01:52:16.157774,599618954523498610,7.00
2025-12-04 01:52:16.157774,599618954523498610,2.00
2025-12-04 01:52:16.157774,599618954523498610,2.00
2025-12-04 01:52:16.157774,599618954523498610,4.00
2025-12-04 01:52:16.157774,599618954523498610,2.00
2025-12-04 01:52:16.157774,599618954523498610,2.00
2025-12-04 01:52:16.157774,599618954523498610,7.00
