Timestamp,Role,Content,Start Time,End Time
2025-11-18 13:58:08.902567,User,ひなた坂46が好きです,2025-11-18 13:58:03.668019,2025-11-18 13:58:06.988197
2025-11-18 13:58:17.092511,Assistant,ひなたざか46、いいですよね。どの曲が好きですか？,2025-11-18 13:58:12.116677,2025-11-18 13:58:16.987014
2025-11-18 13:58:24.120691,User,お勧めをありますか,2025-11-18 13:58:18.661054,2025-11-18 13:58:22.421103
2025-11-18 13:58:33.767442,Assistant,「キュン」と「アザトカワイイ」がおすすめですよ。どちらもいい曲です。,2025-11-18 13:58:27.469560,2025-11-18 13:58:33.661835
2025-11-18 13:58:41.222939,User,サイトおきょうこというメンバーが 好きです,2025-11-18 13:58:35.488540,2025-11-18 13:58:38.949009
2025-11-18 13:58:51.501542,Assistant,サイトおきょうこさん、魅力的ですよね。彼女のパフォーマンスは本当に素晴らしいです。,2025-11-18 13:58:45.052426,2025-11-18 13:58:51.397070
2025-11-18 13:58:57.907622,User,でも卒業してしまいました,2025-11-18 13:58:53.378030,2025-11-18 13:58:56.118563
2025-11-18 13:59:08.987246,Assistant,そうですね、残念ですが、彼女の新しい道を応援したいですね。,2025-11-18 13:59:03.451395,2025-11-18 13:59:08.883635
2025-11-18 13:59:17.494605,User,彼女の出演しているドラマのおすすめを教えてください。,2025-11-18 13:59:11.099981,2025-11-18 13:59:15.079839
2025-11-18 13:59:29.976281,Assistant,「DASADA」がおすすめです。サイトおきょうこさんも出演していて、面白いですよ。,2025-11-18 13:59:23.040861,2025-11-18 13:59:29.873189
2025-11-18 13:59:37.474728,User,今日も見ました。面白かったです,2025-11-18 13:59:32.859371,2025-11-18 13:59:35.679426
2025-11-18 13:59:47.959599,Assistant,「DASADA」を見たんですね。面白いドラマでよかったですね！,2025-11-18 13:59:42.412142,2025-11-18 13:59:47.854842
2025-11-18 13:59:55.582324,User,他におすすめのメンバーはいますか,2025-11-18 13:59:50.193771,2025-11-18 13:59:53.334048
2025-11-18 14:00:04.575521,Assistant,かとしさんもおすすめです。パフォーマンスがとても魅力的ですよ。,2025-11-18 14:00:00.104959,2025-11-18 14:00:04.467430
2025-11-18 14:00:13.239950,User,そのメンバーも卒業してしまいました 現役生で教えてください,2025-11-18 14:00:05.974416,2025-11-18 14:00:10.836001
2025-11-18 14:00:26.286680,Assistant,あ、そうでしたね。現役ではかみむらひなのさんがおすすめです。明るいエネルギーが素敵ですよ。,2025-11-18 14:00:18.994784,2025-11-18 14:00:26.181375
2025-11-18 14:00:32.713731,User,どんなところがおすすめですか,2025-11-18 14:00:28.217473,2025-11-18 14:00:30.957912
2025-11-18 14:00:45.173351,Assistant,ひなのさんは、元気いっぱいでポジティブな姿勢が魅力です。笑顔がとても素敵で、見ていると元気がもらえますよ。,2025-11-18 14:00:36.938069,2025-11-18 14:00:45.068042
2025-11-18 14:00:54.002998,User,ご機制のお勧め教えてください。新メンバーです。,2025-11-18 14:00:47.681620,2025-11-18 14:00:51.641619
2025-11-18 14:01:04.282886,Assistant,新メンバーのなかで、たかもりふうかさんが注目されています。明るくて元気な魅力がありますよ。,2025-11-18 14:00:57.478594,2025-11-18 14:01:04.175609
2025-11-18 14:01:11.406514,User,にいますか,2025-11-18 14:01:07.863768,2025-11-18 14:01:09.903521
2025-11-18 14:01:27.871409,Assistant,すみません、誤解を招く表現をしました。ひなたざか46にたかもりふうかさんはいません。正確な情報を提供できず申し訳ありません。,2025-11-18 14:01:17.395810,2025-11-18 14:01:27.765982
2025-11-18 14:01:35.278622,User,お勧めのメンバーを教えてください,2025-11-18 14:01:30.296867,2025-11-18 14:01:33.256792
2025-11-18 14:01:45.684992,Assistant,かわだひなのさんがおすすめです。彼女の笑顔とパフォーマンスには元気をもらえますよ。,2025-11-18 14:01:39.950648,2025-11-18 14:01:45.582974
2025-11-18 14:01:55.167337,User,どの曲がおすすめですか,2025-11-18 14:01:50.802593,2025-11-18 14:01:53.501739
2025-11-18 14:02:05.664355,Assistant,「きゅん」がおすすめです。かわだひなのさんも輝いていて、曲も明るくて元気が出ますよ。,2025-11-18 14:01:58.868208,2025-11-18 14:02:05.556327
2025-11-18 14:02:14.156914,User,今日もライブがあります 楽しみです,2025-11-18 14:02:08.746680,2025-11-18 14:02:12.066603
2025-11-18 14:02:24.791287,Assistant,ライブがあるんですね！楽しい時間を過ごせますように。エネルギーいっぱいのステージを楽しんでくださいね。,2025-11-18 14:02:17.593837,2025-11-18 14:02:24.686953
2025-11-18 14:02:34.240610,User,ただ そのライブで 川田さんが 卒業してしまいます,2025-11-18 14:02:27.816397,2025-11-18 14:02:31.915828
2025-11-18 14:02:45.719724,Assistant,川田さんの卒業はさみしいですね。でも、最後のライブ、心に残る素敵な時間になりますように。,2025-11-18 14:02:37.802567,2025-11-18 14:02:45.615504
2025-11-18 14:02:54.809627,User,他のアーティストでおすすめのものはありますか,2025-11-18 14:02:48.929249,2025-11-18 14:02:52.629458
2025-11-18 14:03:06.140154,Assistant,YOASOBIがおすすめです。彼らの音楽は物語があって、聴くたびに心を動かされますよ。,2025-11-18 14:02:58.505448,2025-11-18 14:03:06.034406
2025-11-18 14:03:12.031057,User,どんな曲が人気ですか?,2025-11-18 14:03:07.740265,2025-11-18 14:03:10.360036
2025-11-18 14:03:22.017656,Assistant,「夜に駆ける」がとても人気です。切なさと希望が混ざり合ったメロディーが心を打ちます。,2025-11-18 14:03:15.660904,2025-11-18 14:03:21.913776
2025-11-18 14:03:27.858974,User,私も好きです,2025-11-18 14:03:23.810953,2025-11-18 14:03:26.370968
2025-11-18 14:03:40.638294,Assistant,「夜に駆ける」が好きなんですね。YOASOBIの音楽は共感を呼び、多くの人の心に響きますね。,2025-11-18 14:03:32.114966,2025-11-18 14:03:40.531898
2025-11-18 14:03:48.948762,User,他のアイドログループでおすすめを教えてください,2025-11-18 14:03:43.245132,2025-11-18 14:03:46.625375
2025-11-18 14:04:00.384738,Assistant,ノギザカ46がおすすめです。彼女たちの多様な魅力と楽曲は、幅広いファンに支持されていますよ。,2025-11-18 14:03:52.774906,2025-11-18 14:04:00.277620
2025-11-18 14:04:07.020853,User,広白への出演が決まりましたね,2025-11-18 14:04:02.280012,2025-11-18 14:04:05.040188
2025-11-18 14:04:16.607458,Assistant,ひろしろへの出演、すごいニュースですね！彼女たちのさらなる活躍が楽しみです。,2025-11-18 14:04:10.427776,2025-11-18 14:04:16.500800
